champion,game_version,lane_opponent,losses,wins
Aatrox,14.01,Akshan,1,0
Aatrox,14.01,Camille,2,1
Aatrox,14.01,Darius,4,3
Aatrox,14.01,DrMundo,0,1
Aatrox,14.01,Fiora,1,1
Aatrox,14.01,Garen,1,1
Aatrox,14.01,Gwen,3,2
Aatrox,14.01,Illaoi,1,0
Aatrox,14.01,Irelia,2,0
Aatrox,14.01,Jax,1,2
Aatrox,14.01,Jayce,1,0
Aatrox,14.01,KSante,0,1
Aatrox,14.01,Kayle,1,2
Aatrox,14.01,Kennen,1,0
Aatrox,14.01,Kled,1,0
Aatrox,14.01,Lux,0,1
Aatrox,14.01,Malphite,1,0
Aatrox,14.01,MonkeyKing,0,1
Aatrox,14.01,Mordekaiser,1,1
Aatrox,14.01,Nasus,1,0
Aatrox,14.01,Ornn,0,1
Aatrox,14.01,Pantheon,0,1
Aatrox,14.01,Poppy,0,1
Aatrox,14.01,Renekton,0,3
Aatrox,14.01,Riven,1,0
Aatrox,14.01,Rumble,1,0
Aatrox,14.01,Sett,1,1
Aatrox,14.01,Shen,1,1
Aatrox,14.01,Singed,0,2
Aatrox,14.01,Skarner,0,1
Aatrox,14.01,TahmKench,2,0
Aatrox,14.01,Teemo,1,0
Aatrox,14.01,Trundle,1,0
Aatrox,14.01,Tryndamere,0,2
Aatrox,14.01,TwistedFate,1,1
Aatrox,14.01,Udyr,0,1
Aatrox,14.01,Urgot,2,3
Aatrox,14.01,Warwick,0,1
Aatrox,14.01,Yorick,1,0
Aatrox,14.01,Zac,1,0
Aatrox,14.02,Gangplank,0,1
Aatrox,14.03,Azir,0,1
Aatrox,14.03,Camille,0,1
Aatrox,14.03,Darius,2,1
Aatrox,14.03,Garen,1,1
Aatrox,14.03,Gragas,1,1
Aatrox,14.03,Jayce,0,1
Aatrox,14.03,KSante,0,1
Aatrox,14.03,Karma,0,1
Aatrox,14.03,Kayle,1,1
Aatrox,14.03,Mordekaiser,0,1
Aatrox,14.03,Naafiri,1,0
Aatrox,14.03,Rammus,0,1
Aatrox,14.03,Renekton,0,2
Aatrox,14.03,Rumble,1,0
Aatrox,14.03,Tryndamere,1,0
Aatrox,14.03,Urgot,3,0
Aatrox,14.03,Warwick,0,1
Aatrox,14.03,Yone,1,0
Aatrox,14.03,Yorick,0,1
Aatrox,14.04,Gragas,0,2
Aatrox,14.04,Irelia,1,0
Aatrox,14.04,KSante,0,1
Aatrox,14.04,Renekton,1,0
Aatrox,14.04,Rengar,1,0
Aatrox,14.04,Yasuo,0,1
Aatrox,14.05,Jax,1,0
Aatrox,14.06,Gnar,1,1
Aatrox,14.06,Gwen,0,1
Aatrox,14.06,Jayce,1,0
Aatrox,14.06,KSante,0,1
Aatrox,14.06,Teemo,0,1
Aatrox,14.06,Volibear,2,0
Aatrox,14.06,Yone,0,1
Aatrox,14.07,Irelia,1,0
Aatrox,14.07,Malphite,0,1
Aatrox,14.07,Renekton,1,0
Aatrox,14.07,Riven,1,1
Aatrox,14.08,Quinn,0,1
Aatrox,14.09,Akali,0,1
Aatrox,14.09,Akshan,0,1
Aatrox,14.09,Camille,0,1
Aatrox,14.09,Darius,1,1
Aatrox,14.09,Garen,0,1
Aatrox,14.09,Malphite,0,1
Aatrox,14.09,Mordekaiser,1,0
Aatrox,14.09,Nasus,0,1
Aatrox,14.09,Sion,0,1
Aatrox,14.09,Udyr,1,0
Aatrox,14.09,Urgot,0,1
Aatrox,14.11,Akali,0,1
Aatrox,14.11,Camille,3,4
Aatrox,14.11,Chogath,0,1
Aatrox,14.11,Darius,4,5
Aatrox,14.11,DrMundo,0,1
Aatrox,14.11,Evelynn,0,1
Aatrox,14.11,Fiora,1,1
Aatrox,14.11,Gangplank,0,1
Aatrox,14.11,Garen,2,2
Aatrox,14.11,Gragas,2,1
Aatrox,14.11,Gwen,0,1
Aatrox,14.11,Heimerdinger,1,0
Aatrox,14.11,Illaoi,2,3
Aatrox,14.11,Irelia,0,2
Aatrox,14.11,Ivern,0,1
Aatrox,14.11,Jax,1,0
Aatrox,14.11,Jayce,0,2
Aatrox,14.11,KSante,0,2
Aatrox,14.11,Karma,0,1
Aatrox,14.11,Karthus,0,1
Aatrox,14.11,Kennen,3,0
Aatrox,14.11,Malphite,1,0
Aatrox,14.11,Mordekaiser,1,1
Aatrox,14.11,Nasus,2,0
Aatrox,14.11,Olaf,1,0
Aatrox,14.11,Ornn,1,2
Aatrox,14.11,Pantheon,1,1
Aatrox,14.11,Poppy,1,2
Aatrox,14.11,Quinn,1,0
Aatrox,14.11,Renekton,3,2
Aatrox,14.11,Rengar,0,1
Aatrox,14.11,Riven,1,2
Aatrox,14.11,Rumble,0,2
Aatrox,14.11,Sejuani,1,0
Aatrox,14.11,Sett,2,3
Aatrox,14.11,Shen,0,2
Aatrox,14.11,Sion,3,0
Aatrox,14.11,Skarner,1,1
Aatrox,14.11,Taliyah,0,1
Aatrox,14.11,Teemo,1,0
Aatrox,14.11,Tryndamere,1,2
Aatrox,14.11,TwistedFate,1,0
Aatrox,14.11,Urgot,1,0
Aatrox,14.11,Vayne,4,1
Aatrox,14.11,Vladimir,1,0
Aatrox,14.11,Volibear,3,2
Aatrox,14.11,Warwick,2,3
Aatrox,14.11,Yasuo,0,2
Aatrox,14.11,Yone,1,1
Aatrox,14.11,Yorick,0,1
Aatrox,14.11,Zac,0,1
Aatrox,14.12,Akali,1,0
Aatrox,14.12,Briar,1,0
Aatrox,14.12,Camille,3,6
Aatrox,14.12,Cassiopeia,1,0
Aatrox,14.12,Darius,3,5
Aatrox,14.12,DrMundo,0,1
Aatrox,14.12,Fiora,6,3
Aatrox,14.12,Gangplank,0,1
Aatrox,14.12,Garen,2,7
Aatrox,14.12,Gnar,2,2
Aatrox,14.12,Gragas,3,1
Aatrox,14.12,Gwen,1,2
Aatrox,14.12,Illaoi,2,1
Aatrox,14.12,Irelia,4,2
Aatrox,14.12,JarvanIV,1,0
Aatrox,14.12,Jax,2,3
Aatrox,14.12,Jayce,2,0
Aatrox,14.12,KSante,1,4
Aatrox,14.12,Kayle,2,2
Aatrox,14.12,Kennen,3,2
Aatrox,14.12,Kled,1,4
Aatrox,14.12,Malphite,3,2
Aatrox,14.12,MonkeyKing,0,2
Aatrox,14.12,Mordekaiser,1,0
Aatrox,14.12,Nasus,1,2
Aatrox,14.12,Nidalee,0,2
Aatrox,14.12,Ornn,2,6
Aatrox,14.12,Pantheon,2,2
Aatrox,14.12,Quinn,1,3
Aatrox,14.12,Renekton,1,9
Aatrox,14.12,Rengar,0,1
Aatrox,14.12,Riven,1,5
Aatrox,14.12,Rumble,0,1
Aatrox,14.12,Sett,3,4
Aatrox,14.12,Shen,1,1
Aatrox,14.12,Singed,0,2
Aatrox,14.12,Sion,0,1
Aatrox,14.12,Skarner,1,4
Aatrox,14.12,Smolder,0,1
Aatrox,14.12,TahmKench,1,0
Aatrox,14.12,Teemo,0,1
Aatrox,14.12,Tryndamere,1,7
Aatrox,14.12,TwistedFate,1,3
Aatrox,14.12,Udyr,1,0
Aatrox,14.12,Urgot,1,4
Aatrox,14.12,Varus,1,1
Aatrox,14.12,Vayne,1,1
Aatrox,14.12,Viego,1,0
Aatrox,14.12,Viktor,0,1
Aatrox,14.12,Vladimir,2,1
Aatrox,14.12,Volibear,0,6
Aatrox,14.12,Warwick,0,2
Aatrox,14.12,Yasuo,1,0
Aatrox,14.12,Yone,0,2
Aatrox,14.12,Yorick,0,3
Aatrox,14.12,Zac,1,0
Aatrox,14.13,Ahri,1,0
Aatrox,14.13,Akali,0,1
Aatrox,14.13,Akshan,2,1
Aatrox,14.13,Bard,0,1
Aatrox,14.13,Belveth,0,1
Aatrox,14.13,Braum,0,1
Aatrox,14.13,Briar,2,0
Aatrox,14.13,Camille,14,11
Aatrox,14.13,Cassiopeia,0,2
Aatrox,14.13,Chogath,0,3
Aatrox,14.13,Darius,4,5
Aatrox,14.13,DrMundo,5,9
Aatrox,14.13,Ezreal,1,0
Aatrox,14.13,FiddleSticks,0,1
Aatrox,14.13,Fiora,6,6
Aatrox,14.13,Fizz,0,1
Aatrox,14.13,Gangplank,2,1
Aatrox,14.13,Garen,6,9
Aatrox,14.13,Gnar,2,4
Aatrox,14.13,Gragas,4,6
Aatrox,14.13,Gwen,7,2
Aatrox,14.13,Hecarim,1,0
Aatrox,14.13,Heimerdinger,2,3
Aatrox,14.13,Illaoi,1,6
Aatrox,14.13,Irelia,6,3
Aatrox,14.13,Jax,9,5
Aatrox,14.13,Jayce,2,8
Aatrox,14.13,Jinx,0,1
Aatrox,14.13,KSante,2,9
Aatrox,14.13,Kayle,4,4
Aatrox,14.13,Kennen,2,4
Aatrox,14.13,Kled,4,2
Aatrox,14.13,KogMaw,2,0
Aatrox,14.13,Lissandra,1,0
Aatrox,14.13,Malphite,5,6
Aatrox,14.13,MonkeyKing,0,2
Aatrox,14.13,Mordekaiser,3,2
Aatrox,14.13,Naafiri,1,0
Aatrox,14.13,Nasus,2,2
Aatrox,14.13,Neeko,0,1
Aatrox,14.13,Olaf,2,2
Aatrox,14.13,Ornn,2,8
Aatrox,14.13,Pantheon,1,1
Aatrox,14.13,Poppy,0,4
Aatrox,14.13,Qiyana,1,0
Aatrox,14.13,Quinn,1,1
Aatrox,14.13,Rammus,1,0
Aatrox,14.13,Renekton,5,13
Aatrox,14.13,Rengar,1,1
Aatrox,14.13,Riven,4,8
Aatrox,14.13,Rumble,1,8
Aatrox,14.13,Ryze,1,0
Aatrox,14.13,Sett,3,8
Aatrox,14.13,Shaco,0,1
Aatrox,14.13,Shen,3,2
Aatrox,14.13,Shyvana,0,3
Aatrox,14.13,Singed,3,3
Aatrox,14.13,Sion,0,1
Aatrox,14.13,Skarner,0,2
Aatrox,14.13,Smolder,1,2
Aatrox,14.13,Sylas,0,1
Aatrox,14.13,TahmKench,1,1
Aatrox,14.13,Teemo,1,2
Aatrox,14.13,Tristana,1,1
Aatrox,14.13,Trundle,1,1
Aatrox,14.13,Tryndamere,1,4
Aatrox,14.13,TwistedFate,0,1
Aatrox,14.13,Udyr,1,2
Aatrox,14.13,Urgot,4,8
Aatrox,14.13,Varus,0,6
Aatrox,14.13,Vayne,4,3
Aatrox,14.13,Velkoz,0,1
Aatrox,14.13,Viego,0,1
Aatrox,14.13,Vladimir,2,4
Aatrox,14.13,Volibear,3,3
Aatrox,14.13,Warwick,2,2
Aatrox,14.13,Yone,8,2
Aatrox,14.13,Yorick,0,1
Aatrox,14.13,Zac,4,1
Aatrox,14.13,Zed,0,1
Aatrox,14.14,Akshan,0,1
Aatrox,14.14,Alistar,1,1
Aatrox,14.14,Anivia,0,2
Aatrox,14.14,Aphelios,2,2
Aatrox,14.14,Ashe,4,1
Aatrox,14.14,AurelionSol,1,1
Aatrox,14.14,Aurora,0,4
Aatrox,14.14,Azir,1,1
Aatrox,14.14,Belveth,1,2
Aatrox,14.14,Blitzcrank,0,2
Aatrox,14.14,Brand,2,0
Aatrox,14.14,Braum,0,3
Aatrox,14.14,Caitlyn,1,1
Aatrox,14.14,Camille,1,0
Aatrox,14.14,Chogath,1,1
Aatrox,14.14,Darius,3,0
Aatrox,14.14,Diana,0,1
Aatrox,14.14,DrMundo,1,1
Aatrox,14.14,Draven,1,1
Aatrox,14.14,Evelynn,1,0
Aatrox,14.14,Ezreal,1,12
Aatrox,14.14,FiddleSticks,0,3
Aatrox,14.14,Fiora,1,1
Aatrox,14.14,Fizz,1,1
Aatrox,14.14,Gangplank,1,1
Aatrox,14.14,Garen,1,0
Aatrox,14.14,Gnar,0,1
Aatrox,14.14,Gragas,2,0
Aatrox,14.14,Graves,0,2
Aatrox,14.14,Hecarim,3,6
Aatrox,14.14,Heimerdinger,2,0
Aatrox,14.14,Hwei,3,2
Aatrox,14.14,Irelia,2,2
Aatrox,14.14,Janna,1,1
Aatrox,14.14,JarvanIV,0,3
Aatrox,14.14,Jax,0,1
Aatrox,14.14,Jayce,1,1
Aatrox,14.14,Jhin,1,0
Aatrox,14.14,Jinx,1,2
Aatrox,14.14,Kaisa,5,4
Aatrox,14.14,Kalista,0,1
Aatrox,14.14,Karma,0,1
Aatrox,14.14,Karthus,2,1
Aatrox,14.14,Kassadin,0,2
Aatrox,14.14,Katarina,0,1
Aatrox,14.14,Kayn,2,1
Aatrox,14.14,Kennen,1,0
Aatrox,14.14,Khazix,1,3
Aatrox,14.14,Kindred,0,1
Aatrox,14.14,Kled,2,0
Aatrox,14.14,Leblanc,1,1
Aatrox,14.14,LeeSin,1,0
Aatrox,14.14,Leona,5,4
Aatrox,14.14,Lillia,2,0
Aatrox,14.14,Lucian,0,4
Aatrox,14.14,Lulu,2,2
Aatrox,14.14,Malphite,1,1
Aatrox,14.14,Malzahar,1,2
Aatrox,14.14,MasterYi,0,1
Aatrox,14.14,Milio,0,1
Aatrox,14.14,MissFortune,2,1
Aatrox,14.14,MonkeyKing,0,1
Aatrox,14.14,Nami,0,3
Aatrox,14.14,Nasus,0,1
Aatrox,14.14,Nautilus,3,2
Aatrox,14.14,Nidalee,1,0
Aatrox,14.14,Nilah,1,1
Aatrox,14.14,Nocturne,0,1
Aatrox,14.14,Orianna,1,0
Aatrox,14.14,Ornn,1,0
Aatrox,14.14,Pantheon,0,1
Aatrox,14.14,Poppy,3,0
Aatrox,14.14,Pyke,1,2
Aatrox,14.14,Quinn,1,0
Aatrox,14.14,Rammus,1,0
Aatrox,14.14,RekSai,0,1
Aatrox,14.14,Rell,5,3
Aatrox,14.14,Renekton,2,1
Aatrox,14.14,Rengar,2,2
Aatrox,14.14,Senna,1,1
Aatrox,14.14,Seraphine,3,3
Aatrox,14.14,Sett,2,1
Aatrox,14.14,Shaco,2,1
Aatrox,14.14,Shen,0,1
Aatrox,14.14,Singed,0,1
Aatrox,14.14,Sion,0,1
Aatrox,14.14,Skarner,0,1
Aatrox,14.14,Smolder,0,1
Aatrox,14.14,Soraka,0,1
Aatrox,14.14,Sylas,1,3
Aatrox,14.14,Syndra,1,0
Aatrox,14.14,Talon,2,2
Aatrox,14.14,Taric,0,1
Aatrox,14.14,Trundle,0,1
Aatrox,14.14,TwistedFate,0,1
Aatrox,14.14,Twitch,1,4
Aatrox,14.14,Udyr,2,3
Aatrox,14.14,Urgot,0,3
Aatrox,14.14,Varus,3,1
Aatrox,14.14,Vayne,0,1
Aatrox,14.14,Vex,0,1
Aatrox,14.14,Vi,1,1
Aatrox,14.14,Viego,2,1
Aatrox,14.14,Vladimir,0,1
Aatrox,14.14,Warwick,0,1
Aatrox,14.14,Xerath,1,3
Aatrox,14.14,XinZhao,0,1
Aatrox,14.14,Yasuo,1,1
Aatrox,14.14,Yone,1,0
Aatrox,14.14,Yorick,0,1
Aatrox,14.14,Zed,2,4
Aatrox,14.14,Zeri,1,2
Aatrox,14.14,Ziggs,1,0
Aatrox,14.14,Zyra,0,1
Aatrox,14.15,Ahri,0,1
Aatrox,14.15,Akali,5,2
Aatrox,14.15,Akshan,0,1
Aatrox,14.15,Amumu,0,1
Aatrox,14.15,Aurora,11,7
Aatrox,14.15,Belveth,0,1
Aatrox,14.15,Braum,0,1
Aatrox,14.15,Briar,0,1
Aatrox,14.15,Camille,16,19
Aatrox,14.15,Cassiopeia,2,4
Aatrox,14.15,Chogath,3,6
Aatrox,14.15,Darius,12,10
Aatrox,14.15,DrMundo,2,6
Aatrox,14.15,Fiora,15,16
Aatrox,14.15,Gangplank,3,6
Aatrox,14.15,Garen,7,17
Aatrox,14.15,Gnar,4,11
Aatrox,14.15,Gragas,4,6
Aatrox,14.15,Gwen,10,6
Aatrox,14.15,Heimerdinger,4,1
Aatrox,14.15,Hwei,0,1
Aatrox,14.15,Illaoi,5,9
Aatrox,14.15,Irelia,11,16
Aatrox,14.15,Janna,0,1
Aatrox,14.15,Jax,11,10
Aatrox,14.15,Jayce,14,9
Aatrox,14.15,KSante,6,8
Aatrox,14.15,Karma,2,2
Aatrox,14.15,Kayle,3,8
Aatrox,14.15,Kayn,1,2
Aatrox,14.15,Kennen,11,11
Aatrox,14.15,Kled,3,12
Aatrox,14.15,KogMaw,1,0
Aatrox,14.15,Lucian,0,1
Aatrox,14.15,Lulu,1,0
Aatrox,14.15,Malphite,4,6
Aatrox,14.15,Maokai,0,1
Aatrox,14.15,MonkeyKing,0,4
Aatrox,14.15,Mordekaiser,5,8
Aatrox,14.15,Naafiri,0,1
Aatrox,14.15,Nasus,6,15
Aatrox,14.15,Neeko,0,1
Aatrox,14.15,Nidalee,0,1
Aatrox,14.15,Olaf,4,3
Aatrox,14.15,Ornn,8,6
Aatrox,14.15,Pantheon,2,5
Aatrox,14.15,Poppy,2,5
Aatrox,14.15,Quinn,4,4
Aatrox,14.15,Rakan,1,0
Aatrox,14.15,Renekton,16,22
Aatrox,14.15,Riven,11,9
Aatrox,14.15,Rumble,3,4
Aatrox,14.15,Senna,1,1
Aatrox,14.15,Sett,11,14
Aatrox,14.15,Shen,0,4
Aatrox,14.15,Shyvana,0,1
Aatrox,14.15,Singed,2,5
Aatrox,14.15,Sion,3,1
Aatrox,14.15,Skarner,1,1
Aatrox,14.15,Smolder,1,8
Aatrox,14.15,Swain,0,1
Aatrox,14.15,TahmKench,1,2
Aatrox,14.15,Talon,0,1
Aatrox,14.15,Teemo,0,2
Aatrox,14.15,Thresh,0,1
Aatrox,14.15,Tristana,1,0
Aatrox,14.15,Trundle,0,4
Aatrox,14.15,Tryndamere,7,2
Aatrox,14.15,TwistedFate,2,1
Aatrox,14.15,Udyr,1,3
Aatrox,14.15,Urgot,5,8
Aatrox,14.15,Varus,1,3
Aatrox,14.15,Vayne,3,7
Aatrox,14.15,Velkoz,1,0
Aatrox,14.15,Vladimir,4,10
Aatrox,14.15,Volibear,7,9
Aatrox,14.15,Warwick,6,5
Aatrox,14.15,Yasuo,1,4
Aatrox,14.15,Yone,9,15
Aatrox,14.15,Yorick,2,3
Aatrox,14.15,Zeri,0,1
Aatrox,14.15,Zoe,0,1
Aatrox,14.16,Ahri,1,1
Aatrox,14.16,Akali,4,5
Aatrox,14.16,Akshan,1,0
Aatrox,14.16,Alistar,1,0
Aatrox,14.16,Anivia,1,1
Aatrox,14.16,Annie,1,0
Aatrox,14.16,Aphelios,0,2
Aatrox,14.16,Aurora,10,13
Aatrox,14.16,Belveth,0,1
Aatrox,14.16,Camille,23,36
Aatrox,14.16,Cassiopeia,1,3
Aatrox,14.16,Chogath,6,9
Aatrox,14.16,Corki,0,4
Aatrox,14.16,Darius,16,31
Aatrox,14.16,Diana,1,0
Aatrox,14.16,DrMundo,3,8
Aatrox,14.16,Draven,1,1
Aatrox,14.16,Ezreal,0,2
Aatrox,14.16,FiddleSticks,0,1
Aatrox,14.16,Fiora,17,28
Aatrox,14.16,Galio,0,2
Aatrox,14.16,Gangplank,3,6
Aatrox,14.16,Garen,19,20
Aatrox,14.16,Gnar,5,14
Aatrox,14.16,Gragas,10,6
Aatrox,14.16,Gwen,10,13
Aatrox,14.16,Hecarim,0,1
Aatrox,14.16,Heimerdinger,1,3
Aatrox,14.16,Illaoi,7,11
Aatrox,14.16,Irelia,5,16
Aatrox,14.16,Ivern,2,0
Aatrox,14.16,Janna,1,0
Aatrox,14.16,Jax,14,7
Aatrox,14.16,Jayce,13,10
Aatrox,14.16,Jhin,1,1
Aatrox,14.16,KSante,11,12
Aatrox,14.16,Kaisa,1,2
Aatrox,14.16,Karma,0,2
Aatrox,14.16,Karthus,1,0
Aatrox,14.16,Kayle,3,7
Aatrox,14.16,Kayn,0,1
Aatrox,14.16,Kennen,11,16
Aatrox,14.16,Khazix,1,2
Aatrox,14.16,Kled,9,7
Aatrox,14.16,KogMaw,0,1
Aatrox,14.16,Leblanc,0,2
Aatrox,14.16,LeeSin,1,1
Aatrox,14.16,Leona,1,0
Aatrox,14.16,Lillia,0,1
Aatrox,14.16,Lulu,1,1
Aatrox,14.16,Malphite,10,10
Aatrox,14.16,Malzahar,1,2
Aatrox,14.16,Maokai,1,2
Aatrox,14.16,MasterYi,1,1
Aatrox,14.16,Milio,1,0
Aatrox,14.16,MissFortune,1,1
Aatrox,14.16,MonkeyKing,6,13
Aatrox,14.16,Mordekaiser,11,8
Aatrox,14.16,Naafiri,1,3
Aatrox,14.16,Nasus,10,13
Aatrox,14.16,Nautilus,1,0
Aatrox,14.16,Nidalee,1,3
Aatrox,14.16,Nocturne,1,2
Aatrox,14.16,Olaf,9,5
Aatrox,14.16,Ornn,15,21
Aatrox,14.16,Pantheon,7,16
Aatrox,14.16,Poppy,7,7
Aatrox,14.16,Qiyana,0,1
Aatrox,14.16,Quinn,5,10
Aatrox,14.16,Renekton,26,39
Aatrox,14.16,Rengar,1,1
Aatrox,14.16,Riven,21,31
Aatrox,14.16,Rumble,4,9
Aatrox,14.16,Ryze,1,0
Aatrox,14.16,Sejuani,1,4
Aatrox,14.16,Sett,12,22
Aatrox,14.16,Shaco,1,0
Aatrox,14.16,Shen,3,7
Aatrox,14.16,Singed,5,9
Aatrox,14.16,Sion,3,2
Aatrox,14.16,Skarner,0,1
Aatrox,14.16,Smolder,3,8
Aatrox,14.16,Sylas,1,3
Aatrox,14.16,Syndra,0,1
Aatrox,14.16,TahmKench,2,4
Aatrox,14.16,Talon,0,2
Aatrox,14.16,Taric,0,1
Aatrox,14.16,Teemo,4,12
Aatrox,14.16,Trundle,2,6
Aatrox,14.16,Tryndamere,2,7
Aatrox,14.16,TwistedFate,0,1
Aatrox,14.16,Twitch,1,0
Aatrox,14.16,Udyr,0,4
Aatrox,14.16,Urgot,9,13
Aatrox,14.16,Varus,2,3
Aatrox,14.16,Vayne,8,7
Aatrox,14.16,Viego,0,1
Aatrox,14.16,Vladimir,8,8
Aatrox,14.16,Volibear,7,16
Aatrox,14.16,Warwick,7,15
Aatrox,14.16,Xerath,0,1
Aatrox,14.16,XinZhao,3,2
Aatrox,14.16,Yasuo,2,3
Aatrox,14.16,Yone,9,33
Aatrox,14.16,Yorick,4,5
Aatrox,14.16,Yuumi,0,1
Aatrox,14.16,Zac,6,6
Aatrox,14.16,Zed,1,2
Aatrox,14.16,Zeri,3,3
Aatrox,14.16,Zilean,1,2
Aatrox,14.17,Ahri,4,0
Aatrox,14.17,Akali,4,8
Aatrox,14.17,Akshan,0,2
Aatrox,14.17,Alistar,0,1
Aatrox,14.17,Amumu,0,2
Aatrox,14.17,Anivia,0,1
Aatrox,14.17,Annie,0,2
Aatrox,14.17,Aphelios,1,0
Aatrox,14.17,Aurora,8,14
Aatrox,14.17,Bard,1,0
Aatrox,14.17,Braum,1,0
Aatrox,14.17,Briar,1,1
Aatrox,14.17,Camille,40,63
Aatrox,14.17,Cassiopeia,3,1
Aatrox,14.17,Chogath,7,8
Aatrox,14.17,Corki,0,1
Aatrox,14.17,Darius,34,66
Aatrox,14.17,Diana,1,0
Aatrox,14.17,DrMundo,5,10
Aatrox,14.17,Draven,1,3
Aatrox,14.17,Ekko,0,1
Aatrox,14.17,FiddleSticks,0,1
Aatrox,14.17,Fiora,38,34
Aatrox,14.17,Galio,1,0
Aatrox,14.17,Gangplank,9,20
Aatrox,14.17,Garen,32,67
Aatrox,14.17,Gnar,10,22
Aatrox,14.17,Gragas,8,16
Aatrox,14.17,Graves,0,1
Aatrox,14.17,Gwen,22,29
Aatrox,14.17,Hecarim,1,0
Aatrox,14.17,Heimerdinger,3,3
Aatrox,14.17,Hwei,1,0
Aatrox,14.17,Illaoi,16,16
Aatrox,14.17,Irelia,16,25
Aatrox,14.17,Janna,1,0
Aatrox,14.17,JarvanIV,3,5
Aatrox,14.17,Jax,10,32
Aatrox,14.17,Jayce,14,26
Aatrox,14.17,Jhin,1,0
Aatrox,14.17,KSante,18,21
Aatrox,14.17,Kaisa,1,1
Aatrox,14.17,Karma,0,2
Aatrox,14.17,Karthus,0,2
Aatrox,14.17,Katarina,0,1
Aatrox,14.17,Kayle,4,11
Aatrox,14.17,Kayn,0,3
Aatrox,14.17,Kennen,11,16
Aatrox,14.17,Kled,5,22
Aatrox,14.17,KogMaw,0,2
Aatrox,14.17,Leblanc,1,1
Aatrox,14.17,LeeSin,1,3
Aatrox,14.17,Lissandra,1,0
Aatrox,14.17,Lucian,1,1
Aatrox,14.17,Lulu,0,1
Aatrox,14.17,Lux,0,1
Aatrox,14.17,Malphite,18,13
Aatrox,14.17,Malzahar,0,3
Aatrox,14.17,Maokai,0,2
Aatrox,14.17,MonkeyKing,9,13
Aatrox,14.17,Mordekaiser,18,36
Aatrox,14.17,Naafiri,0,1
Aatrox,14.17,Nasus,22,51
Aatrox,14.17,Nautilus,1,1
Aatrox,14.17,Neeko,1,1
Aatrox,14.17,Nidalee,2,4
Aatrox,14.17,Nocturne,2,0
Aatrox,14.17,Olaf,5,16
Aatrox,14.17,Orianna,1,1
Aatrox,14.17,Ornn,23,32
Aatrox,14.17,Pantheon,5,21
Aatrox,14.17,Poppy,7,13
Aatrox,14.17,Pyke,1,1
Aatrox,14.17,Quinn,10,12
Aatrox,14.17,RekSai,2,0
Aatrox,14.17,Rell,1,1
Aatrox,14.17,Renekton,35,57
Aatrox,14.17,Rengar,3,2
Aatrox,14.17,Riven,31,41
Aatrox,14.17,Rumble,9,18
Aatrox,14.17,Ryze,1,7
Aatrox,14.17,Sejuani,1,5
Aatrox,14.17,Senna,0,1
Aatrox,14.17,Sett,17,25
Aatrox,14.17,Shaco,1,1
Aatrox,14.17,Shen,4,13
Aatrox,14.17,Singed,12,10
Aatrox,14.17,Sion,3,8
Aatrox,14.17,Sivir,0,1
Aatrox,14.17,Skarner,3,5
Aatrox,14.17,Smolder,3,15
Aatrox,14.17,Swain,0,4
Aatrox,14.17,Sylas,3,4
Aatrox,14.17,Syndra,2,0
Aatrox,14.17,TahmKench,2,9
Aatrox,14.17,Taliyah,0,1
Aatrox,14.17,Talon,1,0
Aatrox,14.17,Taric,0,1
Aatrox,14.17,Teemo,7,6
Aatrox,14.17,Tristana,1,0
Aatrox,14.17,Trundle,4,7
Aatrox,14.17,Tryndamere,10,14
Aatrox,14.17,Twitch,1,0
Aatrox,14.17,Udyr,3,8
Aatrox,14.17,Urgot,23,23
Aatrox,14.17,Varus,1,2
Aatrox,14.17,Vayne,7,9
Aatrox,14.17,Veigar,0,1
Aatrox,14.17,Vi,1,1
Aatrox,14.17,Viego,1,2
Aatrox,14.17,Vladimir,13,38
Aatrox,14.17,Volibear,12,15
Aatrox,14.17,Warwick,8,15
Aatrox,14.17,XinZhao,0,2
Aatrox,14.17,Yasuo,6,8
Aatrox,14.17,Yone,30,49
Aatrox,14.17,Yorick,7,7
Aatrox,14.17,Zac,4,2
Aatrox,14.17,Zed,2,3
Aatrox,14.17,Zeri,2,1
Aatrox,14.17,Ziggs,0,1
Aatrox,14.17,Zoe,1,0
Aatrox,14.17,Zyra,0,2
Aatrox,14.18,Ahri,0,1
Aatrox,14.18,Akali,9,10
Aatrox,14.18,Akshan,0,1
Aatrox,14.18,Alistar,1,0
Aatrox,14.18,Anivia,2,0
Aatrox,14.18,Annie,2,0
Aatrox,14.18,Aurora,5,5
Aatrox,14.18,Azir,0,2
Aatrox,14.18,Bard,0,1
Aatrox,14.18,Briar,2,2
Aatrox,14.18,Caitlyn,1,1
Aatrox,14.18,Camille,37,53
Aatrox,14.18,Cassiopeia,4,1
Aatrox,14.18,Chogath,9,9
Aatrox,14.18,Darius,29,40
Aatrox,14.18,DrMundo,5,3
Aatrox,14.18,Draven,1,0
Aatrox,14.18,Ekko,1,1
Aatrox,14.18,FiddleSticks,1,0
Aatrox,14.18,Fiora,35,36
Aatrox,14.18,Fizz,0,2
Aatrox,14.18,Galio,1,0
Aatrox,14.18,Gangplank,11,9
Aatrox,14.18,Garen,31,61
Aatrox,14.18,Gnar,17,16
Aatrox,14.18,Gragas,11,17
Aatrox,14.18,Graves,0,2
Aatrox,14.18,Gwen,10,16
Aatrox,14.18,Heimerdinger,1,0
Aatrox,14.18,Hwei,1,1
Aatrox,14.18,Illaoi,11,15
Aatrox,14.18,Irelia,14,30
Aatrox,14.18,Ivern,1,0
Aatrox,14.18,JarvanIV,3,5
Aatrox,14.18,Jax,18,33
Aatrox,14.18,Jayce,11,21
Aatrox,14.18,KSante,15,29
Aatrox,14.18,Kaisa,0,1
Aatrox,14.18,Karma,4,1
Aatrox,14.18,Karthus,1,1
Aatrox,14.18,Katarina,1,0
Aatrox,14.18,Kayle,2,3
Aatrox,14.18,Kennen,11,13
Aatrox,14.18,Kled,16,12
Aatrox,14.18,Leblanc,0,1
Aatrox,14.18,LeeSin,2,0
Aatrox,14.18,Lillia,0,2
Aatrox,14.18,Lucian,1,0
Aatrox,14.18,Lulu,2,0
Aatrox,14.18,Malphite,10,19
Aatrox,14.18,Maokai,0,1
Aatrox,14.18,MasterYi,2,1
Aatrox,14.18,MonkeyKing,6,9
Aatrox,14.18,Mordekaiser,17,22
Aatrox,14.18,Naafiri,3,3
Aatrox,14.18,Nasus,10,11
Aatrox,14.18,Nautilus,0,2
Aatrox,14.18,Neeko,2,1
Aatrox,14.18,Nidalee,3,2
Aatrox,14.18,Nocturne,1,0
Aatrox,14.18,Nunu,0,2
Aatrox,14.18,Olaf,7,11
Aatrox,14.18,Orianna,1,0
Aatrox,14.18,Ornn,14,26
Aatrox,14.18,Pantheon,10,9
Aatrox,14.18,Poppy,6,11
Aatrox,14.18,Pyke,1,1
Aatrox,14.18,Qiyana,2,2
Aatrox,14.18,Quinn,7,9
Aatrox,14.18,Rakan,0,1
Aatrox,14.18,Renekton,35,47
Aatrox,14.18,Rengar,3,0
Aatrox,14.18,Riven,30,41
Aatrox,14.18,Rumble,3,11
Aatrox,14.18,Ryze,6,1
Aatrox,14.18,Sejuani,1,3
Aatrox,14.18,Senna,1,0
Aatrox,14.18,Seraphine,1,0
Aatrox,14.18,Sett,19,19
Aatrox,14.18,Shaco,0,2
Aatrox,14.18,Shen,16,9
Aatrox,14.18,Shyvana,2,0
Aatrox,14.18,Singed,7,9
Aatrox,14.18,Sion,7,10
Aatrox,14.18,Skarner,5,4
Aatrox,14.18,Smolder,1,10
Aatrox,14.18,Swain,2,0
Aatrox,14.18,Sylas,0,6
Aatrox,14.18,TahmKench,3,6
Aatrox,14.18,Teemo,7,4
Aatrox,14.18,Trundle,4,1
Aatrox,14.18,Tryndamere,8,22
Aatrox,14.18,TwistedFate,1,1
Aatrox,14.18,Udyr,3,11
Aatrox,14.18,Urgot,20,20
Aatrox,14.18,Varus,0,3
Aatrox,14.18,Vayne,7,6
Aatrox,14.18,Vex,1,0
Aatrox,14.18,Viego,0,3
Aatrox,14.18,Vladimir,18,31
Aatrox,14.18,Volibear,16,24
Aatrox,14.18,Warwick,9,9
Aatrox,14.18,Xerath,0,1
Aatrox,14.18,XinZhao,3,1
Aatrox,14.18,Yasuo,3,3
Aatrox,14.18,Yone,31,34
Aatrox,14.18,Yorick,10,14
Aatrox,14.18,Zac,4,5
Aatrox,14.18,Zed,2,1
Aatrox,14.18,Zeri,0,1
Aatrox,14.18,Zilean,0,1
Aatrox,14.18,Zoe,2,0
Camille,14.01,Aatrox,1,1
Camille,14.01,Fiora,1,0
Camille,14.01,Gangplank,1,0
Camille,14.01,Garen,1,0
Camille,14.01,Gragas,1,0
Camille,14.01,Illaoi,1,0
Camille,14.01,Jax,1,0
Camille,14.01,Kayle,1,0
Camille,14.01,Kled,0,1
Camille,14.01,Nasus,1,0
Camille,14.01,Ornn,0,1
Camille,14.01,Pantheon,1,0
Camille,14.01,Sett,2,0
Camille,14.01,Sion,1,0
Camille,14.01,Skarner,0,1
Camille,14.01,Urgot,0,1
Camille,14.01,Viego,1,0
Camille,14.01,Yone,1,2
Camille,14.01,Yorick,0,3
Camille,14.01,Zac,1,0
Camille,14.02,Briar,1,0
Camille,14.02,Darius,1,0
Camille,14.02,Gwen,1,1
Camille,14.02,Irelia,1,0
Camille,14.02,Mordekaiser,1,0
Camille,14.02,Pantheon,0,1
Camille,14.02,Smolder,1,0
Camille,14.02,Trundle,0,1
Camille,14.02,Zac,1,0
Camille,14.03,Aatrox,0,1
Camille,14.03,Gangplank,1,0
Camille,14.03,Jax,1,1
Camille,14.03,MonkeyKing,0,1
Camille,14.03,Mordekaiser,1,0
Camille,14.03,Nasus,0,1
Camille,14.03,Volibear,1,0
Camille,14.04,Darius,0,2
Camille,14.04,Fiora,1,0
Camille,14.04,Garen,0,1
Camille,14.04,Gwen,0,2
Camille,14.04,Illaoi,1,0
Camille,14.04,Irelia,0,1
Camille,14.04,Malphite,1,0
Camille,14.04,Mordekaiser,1,0
Camille,14.04,Olaf,0,1
Camille,14.04,Poppy,1,0
Camille,14.04,RekSai,0,1
Camille,14.04,Riven,1,0
Camille,14.04,Rumble,1,0
Camille,14.04,TahmKench,0,1
Camille,14.04,Urgot,2,1
Camille,14.04,Varus,0,1
Camille,14.04,Vayne,1,0
Camille,14.04,Velkoz,1,0
Camille,14.04,Yasuo,0,1
Camille,14.04,Yone,0,1
Camille,14.04,Yorick,0,1
Camille,14.05,Garen,0,1
Camille,14.07,Darius,0,1
Camille,14.07,Garen,0,1
Camille,14.07,Poppy,1,0
Camille,14.07,Shen,0,1
Camille,14.08,Darius,0,1
Camille,14.08,Fiora,0,1
Camille,14.08,Garen,1,1
Camille,14.08,Kaisa,0,1
Camille,14.08,Rumble,1,0
Camille,14.08,Shen,0,1
Camille,14.08,Yone,0,1
Camille,14.09,Darius,1,0
Camille,14.09,DrMundo,2,4
Camille,14.09,Gangplank,0,1
Camille,14.09,Garen,0,1
Camille,14.09,Gwen,0,2
Camille,14.09,Kled,0,2
Camille,14.09,Malphite,0,4
Camille,14.09,Rumble,2,0
Camille,14.09,Sett,2,2
Camille,14.09,Sion,0,2
Camille,14.09,TahmKench,2,2
Camille,14.09,Teemo,4,0
Camille,14.09,Vladimir,0,1
Camille,14.09,Volibear,0,1
Camille,14.09,Yone,2,0
Camille,14.09,Zac,2,0
Camille,14.11,Aatrox,0,1
Camille,14.11,Ahri,1,0
Camille,14.11,Cassiopeia,1,0
Camille,14.11,Darius,1,3
Camille,14.11,DrMundo,1,0
Camille,14.11,Fiora,0,2
Camille,14.11,Galio,0,1
Camille,14.11,Gangplank,0,1
Camille,14.11,Garen,0,1
Camille,14.11,Gragas,0,1
Camille,14.11,Irelia,0,1
Camille,14.11,KSante,1,1
Camille,14.11,Kennen,1,0
Camille,14.11,LeeSin,0,1
Camille,14.11,MonkeyKing,1,0
Camille,14.11,Mordekaiser,0,1
Camille,14.11,Nasus,0,1
Camille,14.11,Qiyana,0,1
Camille,14.11,Renekton,4,0
Camille,14.11,Riven,1,0
Camille,14.11,Sett,0,4
Camille,14.11,Shen,1,1
Camille,14.11,Skarner,1,1
Camille,14.11,TahmKench,2,0
Camille,14.11,Teemo,1,1
Camille,14.11,Trundle,0,1
Camille,14.11,Tryndamere,0,1
Camille,14.11,TwistedFate,1,0
Camille,14.11,Udyr,1,0
Camille,14.11,Urgot,0,1
Camille,14.11,Vayne,0,1
Camille,14.11,Viktor,1,0
Camille,14.11,Volibear,0,1
Camille,14.11,Warwick,1,1
Camille,14.11,Yasuo,0,1
Camille,14.11,Yone,0,1
Camille,14.11,Zac,1,0
Camille,14.12,Aatrox,2,3
Camille,14.12,Cassiopeia,0,1
Camille,14.12,Chogath,1,1
Camille,14.12,Darius,2,2
Camille,14.12,Fiora,1,0
Camille,14.12,Fizz,1,0
Camille,14.12,Gangplank,1,1
Camille,14.12,Garen,1,1
Camille,14.12,Gwen,0,2
Camille,14.12,Illaoi,1,0
Camille,14.12,Irelia,0,1
Camille,14.12,Jax,1,4
Camille,14.12,Jayce,2,0
Camille,14.12,Kaisa,0,1
Camille,14.12,Kayle,0,1
Camille,14.12,Kled,1,0
Camille,14.12,Mordekaiser,0,1
Camille,14.12,Nasus,0,1
Camille,14.12,Pantheon,1,0
Camille,14.12,Poppy,1,1
Camille,14.12,Quinn,0,1
Camille,14.12,RekSai,0,1
Camille,14.12,Renekton,2,4
Camille,14.12,Riven,0,2
Camille,14.12,Rumble,0,1
Camille,14.12,Sett,1,3
Camille,14.12,Singed,0,1
Camille,14.12,Skarner,2,1
Camille,14.12,Smolder,1,0
Camille,14.12,TahmKench,1,0
Camille,14.12,Teemo,1,0
Camille,14.12,Tryndamere,1,1
Camille,14.12,Varus,0,1
Camille,14.12,Vladimir,0,2
Camille,14.12,Volibear,0,1
Camille,14.12,Warwick,2,1
Camille,14.12,Yone,0,1
Camille,14.12,Yorick,0,4
Camille,14.13,Aatrox,2,4
Camille,14.13,Akali,0,1
Camille,14.13,Anivia,0,1
Camille,14.13,Cassiopeia,0,1
Camille,14.13,Chogath,0,1
Camille,14.13,Darius,2,2
Camille,14.13,DrMundo,1,1
Camille,14.13,Fiora,1,1
Camille,14.13,Galio,0,1
Camille,14.13,Gangplank,1,0
Camille,14.13,Garen,2,3
Camille,14.13,Gnar,1,1
Camille,14.13,Gwen,0,2
Camille,14.13,Illaoi,1,3
Camille,14.13,Jax,1,3
Camille,14.13,KSante,0,1
Camille,14.13,Kayle,3,0
Camille,14.13,Kennen,0,1
Camille,14.13,Malphite,1,0
Camille,14.13,MonkeyKing,1,1
Camille,14.13,Mordekaiser,1,0
Camille,14.13,Naafiri,0,1
Camille,14.13,Nasus,1,2
Camille,14.13,Olaf,0,2
Camille,14.13,Ornn,1,0
Camille,14.13,Pantheon,0,1
Camille,14.13,Poppy,1,2
Camille,14.13,Quinn,0,1
Camille,14.13,Renekton,6,6
Camille,14.13,Riven,2,2
Camille,14.13,Rumble,2,0
Camille,14.13,Sett,1,1
Camille,14.13,Shen,1,0
Camille,14.13,Singed,1,1
Camille,14.13,Sion,0,1
Camille,14.13,Skarner,0,1
Camille,14.13,Teemo,0,1
Camille,14.13,Trundle,0,1
Camille,14.13,Urgot,1,1
Camille,14.13,Vayne,0,2
Camille,14.13,Vladimir,1,1
Camille,14.13,Volibear,2,2
Camille,14.13,Warwick,1,0
Camille,14.13,Yasuo,0,1
Camille,14.13,Yone,2,2
Camille,14.13,Yorick,0,1
Camille,14.14,Akali,0,1
Camille,14.14,Alistar,1,1
Camille,14.14,Aurora,1,0
Camille,14.14,Braum,1,0
Camille,14.14,Chogath,0,1
Camille,14.14,Corki,2,1
Camille,14.14,Darius,0,1
Camille,14.14,Draven,1,0
Camille,14.14,Ezreal,1,1
Camille,14.14,FiddleSticks,1,0
Camille,14.14,Gragas,1,0
Camille,14.14,Hecarim,1,0
Camille,14.14,Illaoi,0,1
Camille,14.14,Jax,0,2
Camille,14.14,Jhin,1,0
Camille,14.14,Jinx,1,0
Camille,14.14,KSante,0,1
Camille,14.14,Kaisa,0,3
Camille,14.14,Karma,1,0
Camille,14.14,Khazix,0,1
Camille,14.14,Kindred,1,0
Camille,14.14,Leblanc,1,0
Camille,14.14,Lucian,1,1
Camille,14.14,MissFortune,1,0
Camille,14.14,Mordekaiser,0,2
Camille,14.14,Nami,0,1
Camille,14.14,Nidalee,1,0
Camille,14.14,Orianna,1,0
Camille,14.14,Rakan,1,0
Camille,14.14,Rell,0,1
Camille,14.14,Renekton,0,2
Camille,14.14,Riven,1,0
Camille,14.14,Shyvana,0,1
Camille,14.14,Sivir,1,0
Camille,14.14,Taliyah,0,1
Camille,14.14,Vayne,1,0
Camille,14.14,Vi,1,0
Camille,14.14,Viktor,0,1
Camille,14.14,Yone,1,0
Camille,14.14,Yuumi,0,1
Camille,14.14,Zeri,1,1
Camille,14.15,Aatrox,2,10
Camille,14.15,Akali,1,0
Camille,14.15,Akshan,0,1
Camille,14.15,Aurora,2,0
Camille,14.15,Cassiopeia,1,1
Camille,14.15,Chogath,0,1
Camille,14.15,Darius,2,5
Camille,14.15,DrMundo,1,2
Camille,14.15,Fiora,1,3
Camille,14.15,Gangplank,1,1
Camille,14.15,Garen,4,3
Camille,14.15,Gnar,2,0
Camille,14.15,Gragas,1,2
Camille,14.15,Gwen,2,2
Camille,14.15,Illaoi,2,4
Camille,14.15,Irelia,1,3
Camille,14.15,Jax,2,0
Camille,14.15,Jayce,0,1
Camille,14.15,KSante,0,1
Camille,14.15,Kled,1,3
Camille,14.15,Malphite,0,2
Camille,14.15,Mordekaiser,5,2
Camille,14.15,Nasus,0,2
Camille,14.15,Neeko,0,1
Camille,14.15,Olaf,1,1
Camille,14.15,Ornn,1,0
Camille,14.15,Pantheon,1,2
Camille,14.15,Qiyana,0,1
Camille,14.15,Quinn,1,1
Camille,14.15,Rammus,1,0
Camille,14.15,Renekton,0,4
Camille,14.15,Riven,0,1
Camille,14.15,Rumble,1,2
Camille,14.15,Sett,1,4
Camille,14.15,Shen,1,1
Camille,14.15,Shyvana,1,0
Camille,14.15,Singed,0,1
Camille,14.15,Smolder,0,1
Camille,14.15,TahmKench,0,1
Camille,14.15,Talon,0,1
Camille,14.15,Teemo,0,1
Camille,14.15,Tryndamere,0,2
Camille,14.15,Urgot,0,3
Camille,14.15,Vayne,1,1
Camille,14.15,Volibear,1,2
Camille,14.15,Warwick,1,1
Camille,14.15,Yorick,1,1
Camille,14.15,Zac,1,1
Camille,14.15,Zeri,0,1
Camille,14.16,Aatrox,5,12
Camille,14.16,Akshan,0,1
Camille,14.16,Amumu,0,1
Camille,14.16,Anivia,0,1
Camille,14.16,Aurora,3,1
Camille,14.16,Briar,0,1
Camille,14.16,Cassiopeia,1,1
Camille,14.16,Chogath,0,5
Camille,14.16,Darius,7,6
Camille,14.16,DrMundo,2,2
Camille,14.16,Draven,0,1
Camille,14.16,Fiora,3,3
Camille,14.16,Galio,0,1
Camille,14.16,Gangplank,1,1
Camille,14.16,Garen,5,11
Camille,14.16,Gnar,1,1
Camille,14.16,Gragas,1,1
Camille,14.16,Gwen,3,4
Camille,14.16,Heimerdinger,0,1
Camille,14.16,Illaoi,3,3
Camille,14.16,Irelia,0,2
Camille,14.16,Jax,3,4
Camille,14.16,Jayce,0,2
Camille,14.16,KSante,0,3
Camille,14.16,Kayle,1,1
Camille,14.16,Kayn,1,0
Camille,14.16,Kennen,2,1
Camille,14.16,Kled,1,5
Camille,14.16,LeeSin,0,1
Camille,14.16,Lillia,0,1
Camille,14.16,Malphite,2,1
Camille,14.16,MonkeyKing,2,1
Camille,14.16,Mordekaiser,3,0
Camille,14.16,Nasus,2,5
Camille,14.16,Olaf,0,1
Camille,14.16,Ornn,1,2
Camille,14.16,Pantheon,0,1
Camille,14.16,Poppy,2,1
Camille,14.16,Quinn,1,0
Camille,14.16,Rammus,1,0
Camille,14.16,Renekton,4,7
Camille,14.16,Rengar,0,1
Camille,14.16,Riven,0,4
Camille,14.16,Rumble,1,1
Camille,14.16,Sett,9,5
Camille,14.16,Shen,3,1
Camille,14.16,Singed,1,0
Camille,14.16,Sion,1,0
Camille,14.16,Smolder,0,1
Camille,14.16,Sylas,0,1
Camille,14.16,TahmKench,3,1
Camille,14.16,Teemo,2,1
Camille,14.16,Trundle,0,1
Camille,14.16,Tryndamere,4,2
Camille,14.16,Udyr,1,1
Camille,14.16,Urgot,0,2
Camille,14.16,Varus,0,1
Camille,14.16,Vayne,0,1
Camille,14.16,Vladimir,1,1
Camille,14.16,Volibear,2,4
Camille,14.16,Warwick,3,2
Camille,14.16,Yone,2,4
Camille,14.16,Yorick,1,3
Camille,14.16,Zac,1,2
Camille,14.16,Zed,1,0
Camille,14.16,Ziggs,0,1
Camille,14.17,Aatrox,12,9
Camille,14.17,Akali,2,5
Camille,14.17,Akshan,1,0
Camille,14.17,Amumu,0,1
Camille,14.17,Annie,0,1
Camille,14.17,Aurora,2,7
Camille,14.17,Briar,1,1
Camille,14.17,Chogath,8,1
Camille,14.17,Darius,13,9
Camille,14.17,DrMundo,5,5
Camille,14.17,Ezreal,0,1
Camille,14.17,Fiora,5,9
Camille,14.17,Gangplank,5,4
Camille,14.17,Garen,13,16
Camille,14.17,Gnar,2,4
Camille,14.17,Gragas,7,3
Camille,14.17,Graves,1,1
Camille,14.17,Gwen,5,9
Camille,14.17,Heimerdinger,3,1
Camille,14.17,Illaoi,3,7
Camille,14.17,Irelia,4,6
Camille,14.17,Jax,14,10
Camille,14.17,Jayce,3,4
Camille,14.17,Jhin,1,0
Camille,14.17,KSante,5,6
Camille,14.17,Kayle,0,4
Camille,14.17,Kayn,0,2
Camille,14.17,Kennen,4,1
Camille,14.17,Khazix,1,0
Camille,14.17,Kled,3,4
Camille,14.17,KogMaw,0,1
Camille,14.17,LeeSin,0,1
Camille,14.17,Lillia,0,1
Camille,14.17,Lulu,0,1
Camille,14.17,Malphite,2,5
Camille,14.17,MonkeyKing,5,6
Camille,14.17,Mordekaiser,16,11
Camille,14.17,Nasus,8,14
Camille,14.17,Nautilus,0,1
Camille,14.17,Nidalee,1,0
Camille,14.17,Nilah,0,1
Camille,14.17,Olaf,1,6
Camille,14.17,Ornn,3,8
Camille,14.17,Pantheon,7,8
Camille,14.17,Poppy,1,8
Camille,14.17,Quinn,3,0
Camille,14.17,Rammus,1,1
Camille,14.17,Renekton,6,13
Camille,14.17,Rengar,0,3
Camille,14.17,Riven,12,10
Camille,14.17,Rumble,1,1
Camille,14.17,Sejuani,0,2
Camille,14.17,Sett,13,10
Camille,14.17,Shen,2,4
Camille,14.17,Singed,2,1
Camille,14.17,Sion,3,3
Camille,14.17,Skarner,0,3
Camille,14.17,Smolder,2,4
Camille,14.17,Swain,0,1
Camille,14.17,Sylas,2,3
Camille,14.17,TahmKench,0,4
Camille,14.17,Teemo,3,6
Camille,14.17,Trundle,1,0
Camille,14.17,Tryndamere,3,7
Camille,14.17,Udyr,0,2
Camille,14.17,Urgot,4,8
Camille,14.17,Varus,0,2
Camille,14.17,Vayne,1,1
Camille,14.17,Vladimir,4,11
Camille,14.17,Volibear,9,8
Camille,14.17,Warwick,4,1
Camille,14.17,Yasuo,2,1
Camille,14.17,Yone,4,1
Camille,14.17,Yorick,2,6
Camille,14.17,Zac,3,2
Camille,14.17,Zilean,0,1
Camille,14.17,Zoe,1,0
Camille,14.18,Aatrox,32,33
Camille,14.18,Akali,7,4
Camille,14.18,Alistar,0,1
Camille,14.18,Amumu,0,1
Camille,14.18,Anivia,1,0
Camille,14.18,Annie,0,1
Camille,14.18,Aurora,1,2
Camille,14.18,Belveth,1,2
Camille,14.18,Briar,1,2
Camille,14.18,Caitlyn,0,1
Camille,14.18,Chogath,6,5
Camille,14.18,Darius,32,37
Camille,14.18,DrMundo,3,12
Camille,14.18,Draven,0,1
Camille,14.18,Ekko,1,1
Camille,14.18,Ezreal,1,0
Camille,14.18,FiddleSticks,0,1
Camille,14.18,Fiora,22,22
Camille,14.18,Galio,1,1
Camille,14.18,Gangplank,9,14
Camille,14.18,Garen,26,42
Camille,14.18,Gnar,7,11
Camille,14.18,Gragas,16,7
Camille,14.18,Graves,0,2
Camille,14.18,Gwen,17,16
Camille,14.18,Heimerdinger,2,4
Camille,14.18,Hwei,1,0
Camille,14.18,Illaoi,16,15
Camille,14.18,Irelia,4,9
Camille,14.18,JarvanIV,1,0
Camille,14.18,Jax,28,38
Camille,14.18,Jayce,9,8
Camille,14.18,Jhin,0,1
Camille,14.18,KSante,8,15
Camille,14.18,Kaisa,0,1
Camille,14.18,Karma,4,1
Camille,14.18,Kassadin,1,1
Camille,14.18,Katarina,1,0
Camille,14.18,Kayle,4,8
Camille,14.18,Kayn,1,0
Camille,14.18,Kennen,4,3
Camille,14.18,Kindred,1,0
Camille,14.18,Kled,5,8
Camille,14.18,Leblanc,0,1
Camille,14.18,LeeSin,0,2
Camille,14.18,Lissandra,0,1
Camille,14.18,Malphite,11,6
Camille,14.18,Malzahar,0,1
Camille,14.18,Maokai,1,1
Camille,14.18,MasterYi,1,1
Camille,14.18,MonkeyKing,4,3
Camille,14.18,Mordekaiser,35,34
Camille,14.18,Nasus,6,23
Camille,14.18,Neeko,1,1
Camille,14.18,Nidalee,1,2
Camille,14.18,Olaf,1,7
Camille,14.18,Ornn,9,13
Camille,14.18,Pantheon,8,7
Camille,14.18,Poppy,11,14
Camille,14.18,Qiyana,3,1
Camille,14.18,Quinn,3,7
Camille,14.18,Rammus,1,0
Camille,14.18,Renekton,33,31
Camille,14.18,Rengar,1,2
Camille,14.18,Riven,21,33
Camille,14.18,Rumble,4,5
Camille,14.18,Ryze,4,0
Camille,14.18,Sejuani,1,2
Camille,14.18,Sett,28,20
Camille,14.18,Shaco,0,1
Camille,14.18,Shen,17,10
Camille,14.18,Singed,9,14
Camille,14.18,Sion,8,7
Camille,14.18,Skarner,0,2
Camille,14.18,Smolder,2,3
Camille,14.18,Soraka,1,0
Camille,14.18,Swain,1,2
Camille,14.18,Sylas,0,1
Camille,14.18,Syndra,0,2
Camille,14.18,TahmKench,4,7
Camille,14.18,Teemo,12,4
Camille,14.18,Trundle,2,12
Camille,14.18,Tryndamere,10,14
Camille,14.18,Udyr,3,6
Camille,14.18,Urgot,13,9
Camille,14.18,Varus,0,1
Camille,14.18,Vayne,0,1
Camille,14.18,Veigar,0,1
Camille,14.18,Viego,2,0
Camille,14.18,Vladimir,19,14
Camille,14.18,Volibear,22,32
Camille,14.18,Warwick,6,8
Camille,14.18,Yasuo,2,1
Camille,14.18,Yone,8,16
Camille,14.18,Yorick,10,12
Camille,14.18,Zac,5,2
Camille,14.18,Zed,3,3
Camille,14.18,Zilean,0,2
Camille,14.18,Zoe,0,1
Camille,14.19,Aatrox,88,145
Camille,14.19,Ahri,1,1
Camille,14.19,Akali,17,18
Camille,14.19,Akshan,0,6
Camille,14.19,Amumu,1,2
Camille,14.19,Anivia,1,1
Camille,14.19,Ashe,0,1
Camille,14.19,AurelionSol,0,3
Camille,14.19,Aurora,19,22
Camille,14.19,Azir,2,1
Camille,14.19,Belveth,1,0
Camille,14.19,Blitzcrank,0,1
Camille,14.19,Briar,7,3
Camille,14.19,Caitlyn,0,1
Camille,14.19,Cassiopeia,4,4
Camille,14.19,Chogath,19,33
Camille,14.19,Darius,76,112
Camille,14.19,Diana,0,2
Camille,14.19,DrMundo,31,44
Camille,14.19,Draven,1,1
Camille,14.19,Ekko,0,2
Camille,14.19,Elise,0,1
Camille,14.19,FiddleSticks,6,6
Camille,14.19,Fiora,50,84
Camille,14.19,Galio,2,2
Camille,14.19,Gangplank,16,30
Camille,14.19,Garen,36,75
Camille,14.19,Gnar,34,46
Camille,14.19,Gragas,25,50
Camille,14.19,Graves,0,2
Camille,14.19,Gwen,53,68
Camille,14.19,Hecarim,1,0
Camille,14.19,Heimerdinger,11,8
Camille,14.19,Hwei,1,2
Camille,14.19,Illaoi,25,44
Camille,14.19,Irelia,12,19
Camille,14.19,Ivern,1,1
Camille,14.19,JarvanIV,3,4
Camille,14.19,Jax,98,135
Camille,14.19,Jayce,16,38
Camille,14.19,Jhin,1,0
Camille,14.19,Jinx,1,0
Camille,14.19,KSante,29,65
Camille,14.19,Kaisa,0,3
Camille,14.19,Karma,1,4
Camille,14.19,Karthus,1,1
Camille,14.19,Kassadin,0,2
Camille,14.19,Katarina,1,3
Camille,14.19,Kayle,11,17
Camille,14.19,Kayn,1,5
Camille,14.19,Kennen,13,26
Camille,14.19,Kled,15,27
Camille,14.19,KogMaw,2,0
Camille,14.19,Leblanc,0,6
Camille,14.19,LeeSin,0,1
Camille,14.19,Leona,0,1
Camille,14.19,Lissandra,0,1
Camille,14.19,Lulu,0,1
Camille,14.19,Malphite,21,33
Camille,14.19,Malzahar,1,3
Camille,14.19,Maokai,2,2
Camille,14.19,MonkeyKing,10,25
Camille,14.19,Mordekaiser,57,65
Camille,14.19,Morgana,2,2
Camille,14.19,Naafiri,2,1
Camille,14.19,Nasus,36,52
Camille,14.19,Nautilus,1,2
Camille,14.19,Neeko,2,3
Camille,14.19,Nidalee,2,4
Camille,14.19,Nocturne,2,2
Camille,14.19,Nunu,1,0
Camille,14.19,Olaf,12,23
Camille,14.19,Orianna,0,1
Camille,14.19,Ornn,48,71
Camille,14.19,Pantheon,15,29
Camille,14.19,Poppy,26,37
Camille,14.19,Qiyana,1,0
Camille,14.19,Quinn,9,15
Camille,14.19,Rammus,0,1
Camille,14.19,RekSai,1,1
Camille,14.19,Renekton,84,136
Camille,14.19,Rengar,3,8
Camille,14.19,Riven,59,80
Camille,14.19,Rumble,4,9
Camille,14.19,Ryze,5,8
Camille,14.19,Sejuani,5,4
Camille,14.19,Senna,0,2
Camille,14.19,Seraphine,0,1
Camille,14.19,Sett,45,82
Camille,14.19,Shaco,1,4
Camille,14.19,Shen,57,72
Camille,14.19,Shyvana,2,3
Camille,14.19,Singed,25,27
Camille,14.19,Sion,23,39
Camille,14.19,Skarner,11,11
Camille,14.19,Smolder,5,9
Camille,14.19,Soraka,1,2
Camille,14.19,Swain,0,3
Camille,14.19,Sylas,4,5
Camille,14.19,Syndra,1,0
Camille,14.19,TahmKench,19,39
Camille,14.19,Taric,1,0
Camille,14.19,Teemo,19,27
Camille,14.19,Thresh,0,1
Camille,14.19,Trundle,20,15
Camille,14.19,Tryndamere,15,37
Camille,14.19,TwistedFate,2,2
Camille,14.19,Udyr,10,15
Camille,14.19,Urgot,33,52
Camille,14.19,Varus,2,7
Camille,14.19,Vayne,6,13
Camille,14.19,Veigar,2,1
Camille,14.19,Vex,0,3
Camille,14.19,Viego,2,4
Camille,14.19,Vladimir,20,41
Camille,14.19,Volibear,46,71
Camille,14.19,Warwick,28,39
Camille,14.19,XinZhao,3,4
Camille,14.19,Yasuo,11,9
Camille,14.19,Yone,40,108
Camille,14.19,Yorick,19,39
Camille,14.19,Zac,18,18
Camille,14.19,Zed,0,3
Camille,14.19,Zeri,2,0
Camille,14.19,Zilean,2,0
Camille,14.19,Zoe,0,1
Gnar,14.01,Aatrox,1,1
Gnar,14.01,Akali,0,2
Gnar,14.01,Akshan,1,0
Gnar,14.01,Brand,1,0
Gnar,14.01,Camille,0,4
Gnar,14.01,Cassiopeia,1,0
Gnar,14.01,Chogath,0,1
Gnar,14.01,Darius,6,5
Gnar,14.01,DrMundo,1,0
Gnar,14.01,Ekko,1,0
Gnar,14.01,Fiora,3,4
Gnar,14.01,Garen,5,4
Gnar,14.01,Gragas,0,1
Gnar,14.01,Graves,0,1
Gnar,14.01,Gwen,1,2
Gnar,14.01,Illaoi,2,2
Gnar,14.01,Irelia,2,1
Gnar,14.01,Jax,6,6
Gnar,14.01,Jayce,2,1
Gnar,14.01,KSante,1,2
Gnar,14.01,Karma,1,0
Gnar,14.01,Katarina,1,1
Gnar,14.01,Kayle,1,4
Gnar,14.01,Kennen,1,0
Gnar,14.01,Malphite,1,1
Gnar,14.01,Malzahar,0,1
Gnar,14.01,Mordekaiser,1,2
Gnar,14.01,Nasus,2,1
Gnar,14.01,Nautilus,0,1
Gnar,14.01,Neeko,0,1
Gnar,14.01,Olaf,1,0
Gnar,14.01,Ornn,2,1
Gnar,14.01,Poppy,1,1
Gnar,14.01,Rumble,1,1
Gnar,14.01,Sejuani,1,0
Gnar,14.01,Sett,4,4
Gnar,14.01,Shen,1,0
Gnar,14.01,Shyvana,1,0
Gnar,14.01,Singed,1,1
Gnar,14.01,Sion,3,1
Gnar,14.01,Skarner,0,2
Gnar,14.01,TahmKench,1,2
Gnar,14.01,Teemo,3,7
Gnar,14.01,Trundle,0,2
Gnar,14.01,Tryndamere,2,0
Gnar,14.01,TwistedFate,1,1
Gnar,14.01,Udyr,1,0
Gnar,14.01,Urgot,2,1
Gnar,14.01,Vladimir,1,0
Gnar,14.01,Volibear,1,1
Gnar,14.01,Yasuo,1,0
Gnar,14.01,Yone,2,2
Gnar,14.01,Yorick,0,4
Gnar,14.02,Aatrox,0,2
Gnar,14.02,Briar,0,1
Gnar,14.02,Cassiopeia,1,0
Gnar,14.02,Darius,1,1
Gnar,14.02,Garen,0,3
Gnar,14.02,Gragas,0,1
Gnar,14.02,Gwen,0,1
Gnar,14.02,Illaoi,1,0
Gnar,14.02,Irelia,2,0
Gnar,14.02,Jayce,1,0
Gnar,14.02,KSante,1,0
Gnar,14.02,Kayle,1,0
Gnar,14.02,Lillia,0,1
Gnar,14.02,Malphite,1,1
Gnar,14.02,Nasus,1,1
Gnar,14.02,Ornn,0,1
Gnar,14.02,Quinn,0,1
Gnar,14.02,Riven,0,1
Gnar,14.02,Samira,0,1
Gnar,14.02,Sett,0,1
Gnar,14.02,Shen,0,1
Gnar,14.02,Teemo,0,1
Gnar,14.02,Trundle,0,1
Gnar,14.02,Tryndamere,1,0
Gnar,14.02,Urgot,0,1
Gnar,14.02,Volibear,0,1
Gnar,14.02,Yone,1,0
Gnar,14.02,Zac,1,0
Gnar,14.03,Aatrox,1,0
Gnar,14.03,Cassiopeia,0,1
Gnar,14.03,Darius,3,2
Gnar,14.03,DrMundo,1,1
Gnar,14.03,Fiora,0,1
Gnar,14.03,Garen,1,2
Gnar,14.03,Gragas,1,2
Gnar,14.03,Gwen,2,0
Gnar,14.03,Illaoi,2,1
Gnar,14.03,Jax,2,0
Gnar,14.03,KSante,0,1
Gnar,14.03,Mordekaiser,1,0
Gnar,14.03,Nasus,1,2
Gnar,14.03,Olaf,0,1
Gnar,14.03,Ornn,0,1
Gnar,14.03,Pantheon,0,1
Gnar,14.03,Renekton,0,1
Gnar,14.03,Rengar,1,0
Gnar,14.03,Sett,0,1
Gnar,14.03,Shen,1,3
Gnar,14.03,Sion,0,1
Gnar,14.03,Smolder,1,0
Gnar,14.03,TahmKench,0,1
Gnar,14.03,Trundle,0,1
Gnar,14.03,Tryndamere,1,0
Gnar,14.03,TwistedFate,0,1
Gnar,14.03,Urgot,0,1
Gnar,14.03,Volibear,0,1
Gnar,14.03,XinZhao,0,1
Gnar,14.03,Yasuo,1,0
Gnar,14.03,Yorick,3,1
Gnar,14.03,Zac,0,1
Gnar,14.04,Aatrox,1,0
Gnar,14.04,Fiora,1,0
Gnar,14.04,Garen,0,2
Gnar,14.04,Malphite,1,1
Gnar,14.04,Riven,1,0
Gnar,14.04,Sylas,1,0
Gnar,14.04,TwistedFate,1,0
Gnar,14.04,Udyr,1,1
Gnar,14.04,Volibear,1,0
Gnar,14.05,Aatrox,1,0
Gnar,14.05,Darius,1,2
Gnar,14.05,Gragas,0,1
Gnar,14.05,Irelia,1,1
Gnar,14.05,Jax,2,0
Gnar,14.05,Kled,1,0
Gnar,14.05,MonkeyKing,1,1
Gnar,14.05,Ornn,0,1
Gnar,14.05,Teemo,0,1
Gnar,14.05,Trundle,0,1
Gnar,14.06,Akali,1,0
Gnar,14.06,Chogath,0,1
Gnar,14.06,MonkeyKing,1,0
Gnar,14.06,Renekton,1,0
Gnar,14.07,Aatrox,0,1
Gnar,14.07,Akali,1,0
Gnar,14.07,Darius,1,0
Gnar,14.07,Gragas,1,1
Gnar,14.07,Illaoi,1,0
Gnar,14.07,Malphite,1,1
Gnar,14.07,Mordekaiser,0,1
Gnar,14.07,Pantheon,3,0
Gnar,14.07,Poppy,1,1
Gnar,14.07,Riven,2,0
Gnar,14.07,Shen,0,1
Gnar,14.07,Skarner,1,0
Gnar,14.07,Teemo,1,1
Gnar,14.07,Urgot,0,2
Gnar,14.07,Vayne,1,0
Gnar,14.07,Volibear,0,1
Gnar,14.07,Yorick,0,1
Gnar,14.07,Zac,1,0
Gnar,14.08,Aatrox,0,1
Gnar,14.08,Camille,0,1
Gnar,14.08,Darius,1,1
Gnar,14.08,Gangplank,1,0
Gnar,14.08,Gragas,0,1
Gnar,14.08,Gwen,0,1
Gnar,14.08,Kayle,0,1
Gnar,14.08,Malphite,0,1
Gnar,14.08,Pantheon,0,1
Gnar,14.08,Renekton,0,1
Gnar,14.08,Sett,0,2
Gnar,14.08,Singed,1,0
Gnar,14.08,Sylas,1,0
Gnar,14.08,Trundle,1,0
Gnar,14.08,Urgot,2,0
Gnar,14.08,Yasuo,0,2
Gnar,14.08,Zilean,1,0
Gnar,14.09,Aatrox,1,1
Gnar,14.09,Akali,1,1
Gnar,14.09,Camille,1,0
Gnar,14.09,Cassiopeia,0,1
Gnar,14.09,Diana,1,0
Gnar,14.09,DrMundo,0,1
Gnar,14.09,Gragas,0,2
Gnar,14.09,Jax,1,0
Gnar,14.09,Jayce,0,1
Gnar,14.09,KSante,0,1
Gnar,14.09,Kayle,0,1
Gnar,14.09,Kennen,0,2
Gnar,14.09,Malphite,1,1
Gnar,14.09,Mordekaiser,1,0
Gnar,14.09,Nasus,1,0
Gnar,14.09,Neeko,1,0
Gnar,14.09,Olaf,1,0
Gnar,14.09,Pantheon,1,0
Gnar,14.09,Renekton,0,1
Gnar,14.09,Riven,0,1
Gnar,14.09,Shyvana,0,1
Gnar,14.09,Teemo,0,1
Gnar,14.09,Trundle,2,0
Gnar,14.09,Vayne,0,1
Gnar,14.09,Vladimir,0,1
Gnar,14.09,Volibear,1,2
Gnar,14.09,XinZhao,0,1
Gnar,14.09,Yasuo,1,0
Gnar,14.09,Yorick,0,1
Gnar,14.09,Zed,1,0
Gnar,14.11,Aatrox,1,4
Gnar,14.11,Akshan,0,1
Gnar,14.11,Camille,3,4
Gnar,14.11,Darius,2,4
Gnar,14.11,DrMundo,1,0
Gnar,14.11,Fiora,0,1
Gnar,14.11,Galio,0,1
Gnar,14.11,Gangplank,3,0
Gnar,14.11,Garen,1,3
Gnar,14.11,Gragas,1,1
Gnar,14.11,Gwen,2,1
Gnar,14.11,Heimerdinger,0,1
Gnar,14.11,Irelia,1,1
Gnar,14.11,Jax,3,1
Gnar,14.11,Jayce,0,2
Gnar,14.11,KSante,0,2
Gnar,14.11,Kayle,2,1
Gnar,14.11,Kayn,1,0
Gnar,14.11,Kennen,1,0
Gnar,14.11,Malphite,3,5
Gnar,14.11,MonkeyKing,0,2
Gnar,14.11,Mordekaiser,1,0
Gnar,14.11,Nasus,2,1
Gnar,14.11,Ornn,0,1
Gnar,14.11,Pantheon,1,1
Gnar,14.11,Renekton,0,1
Gnar,14.11,Riven,4,3
Gnar,14.11,Sett,1,0
Gnar,14.11,Shen,1,3
Gnar,14.11,Skarner,1,0
Gnar,14.11,Smolder,1,0
Gnar,14.11,TahmKench,2,0
Gnar,14.11,Teemo,1,2
Gnar,14.11,Trundle,1,1
Gnar,14.11,Tryndamere,2,1
Gnar,14.11,TwistedFate,1,1
Gnar,14.11,Urgot,0,1
Gnar,14.11,Vayne,1,0
Gnar,14.11,Volibear,1,1
Gnar,14.11,Yone,0,2
Gnar,14.11,Yorick,1,3
Gnar,14.11,Zac,0,1
Gnar,14.12,Aatrox,4,2
Gnar,14.12,Akali,1,1
Gnar,14.12,Briar,0,1
Gnar,14.12,Caitlyn,1,0
Gnar,14.12,Camille,0,2
Gnar,14.12,Chogath,1,3
Gnar,14.12,Darius,1,4
Gnar,14.12,DrMundo,1,1
Gnar,14.12,Draven,0,1
Gnar,14.12,Fiora,2,1
Gnar,14.12,Gangplank,0,1
Gnar,14.12,Garen,5,3
Gnar,14.12,Gragas,2,5
Gnar,14.12,Gwen,0,1
Gnar,14.12,Illaoi,0,3
Gnar,14.12,Irelia,3,2
Gnar,14.12,Jax,2,0
Gnar,14.12,Jhin,0,1
Gnar,14.12,KSante,1,0
Gnar,14.12,Kaisa,0,1
Gnar,14.12,Karthus,1,0
Gnar,14.12,Kayle,1,1
Gnar,14.12,Kennen,2,0
Gnar,14.12,Lillia,1,0
Gnar,14.12,Malphite,2,1
Gnar,14.12,Maokai,0,1
Gnar,14.12,MonkeyKing,0,1
Gnar,14.12,Mordekaiser,0,2
Gnar,14.12,Nasus,2,2
Gnar,14.12,Ornn,1,3
Gnar,14.12,Pantheon,2,1
Gnar,14.12,Quinn,2,3
Gnar,14.12,RekSai,0,1
Gnar,14.12,Renekton,2,3
Gnar,14.12,Rengar,1,0
Gnar,14.12,Riven,2,0
Gnar,14.12,Rumble,0,2
Gnar,14.12,Sejuani,1,0
Gnar,14.12,Sett,5,5
Gnar,14.12,Shen,0,2
Gnar,14.12,Singed,0,1
Gnar,14.12,Sion,2,1
Gnar,14.12,Skarner,3,2
Gnar,14.12,Smolder,0,1
Gnar,14.12,TahmKench,1,0
Gnar,14.12,Teemo,0,1
Gnar,14.12,Tryndamere,1,0
Gnar,14.12,TwistedFate,0,2
Gnar,14.12,Udyr,1,1
Gnar,14.12,Urgot,2,0
Gnar,14.12,Varus,1,0
Gnar,14.12,Vayne,1,3
Gnar,14.12,Veigar,1,0
Gnar,14.12,Vladimir,1,3
Gnar,14.12,Volibear,0,3
Gnar,14.12,Warwick,2,3
Gnar,14.12,XinZhao,0,1
Gnar,14.12,Yasuo,0,1
Gnar,14.12,Yone,3,1
Gnar,14.12,Yorick,2,3
Gnar,14.13,Aatrox,5,5
Gnar,14.13,Akshan,1,1
Gnar,14.13,Camille,5,8
Gnar,14.13,Cassiopeia,1,0
Gnar,14.13,Chogath,0,1
Gnar,14.13,Darius,6,4
Gnar,14.13,DrMundo,7,7
Gnar,14.13,Fiora,3,3
Gnar,14.13,Gangplank,1,2
Gnar,14.13,Garen,6,6
Gnar,14.13,Gragas,4,2
Gnar,14.13,Gwen,3,1
Gnar,14.13,Heimerdinger,1,0
Gnar,14.13,Illaoi,3,2
Gnar,14.13,Irelia,1,4
Gnar,14.13,Jax,2,1
Gnar,14.13,Jayce,1,1
Gnar,14.13,KSante,1,4
Gnar,14.13,Kayle,1,0
Gnar,14.13,Kayn,0,1
Gnar,14.13,Kennen,1,2
Gnar,14.13,Kled,1,0
Gnar,14.13,Leona,1,0
Gnar,14.13,Lillia,1,0
Gnar,14.13,Lucian,1,0
Gnar,14.13,Lux,1,0
Gnar,14.13,Malphite,6,3
Gnar,14.13,Maokai,1,0
Gnar,14.13,MasterYi,0,1
Gnar,14.13,MonkeyKing,0,2
Gnar,14.13,Mordekaiser,4,4
Gnar,14.13,Nasus,3,2
Gnar,14.13,Nidalee,1,0
Gnar,14.13,Olaf,0,2
Gnar,14.13,Ornn,2,2
Gnar,14.13,Pantheon,2,0
Gnar,14.13,Poppy,1,4
Gnar,14.13,Quinn,3,1
Gnar,14.13,Rammus,2,0
Gnar,14.13,Renekton,4,7
Gnar,14.13,Rengar,3,1
Gnar,14.13,Riven,3,4
Gnar,14.13,Rumble,0,1
Gnar,14.13,Sett,0,4
Gnar,14.13,Shen,1,2
Gnar,14.13,Shyvana,1,0
Gnar,14.13,Sion,0,2
Gnar,14.13,Skarner,0,1
Gnar,14.13,Smolder,3,0
Gnar,14.13,Sylas,1,0
Gnar,14.13,TahmKench,1,4
Gnar,14.13,Teemo,2,2
Gnar,14.13,Trundle,0,1
Gnar,14.13,Tryndamere,3,5
Gnar,14.13,TwistedFate,2,0
Gnar,14.13,Urgot,1,2
Gnar,14.13,Vayne,3,1
Gnar,14.13,Vladimir,0,2
Gnar,14.13,Volibear,2,1
Gnar,14.13,Warwick,2,1
Gnar,14.13,Yasuo,3,0
Gnar,14.13,Yone,2,3
Gnar,14.13,Yorick,1,1
Gnar,14.13,Yuumi,1,0
Gnar,14.13,Zac,0,3
Gnar,14.14,Aatrox,0,3
Gnar,14.14,Ahri,2,1
Gnar,14.14,Akshan,1,0
Gnar,14.14,Alistar,0,1
Gnar,14.14,Amumu,0,2
Gnar,14.14,Anivia,0,2
Gnar,14.14,Annie,1,0
Gnar,14.14,Aphelios,0,1
Gnar,14.14,Ashe,2,0
Gnar,14.14,Aurora,3,3
Gnar,14.14,Bard,1,1
Gnar,14.14,Braum,2,0
Gnar,14.14,Briar,1,1
Gnar,14.14,Caitlyn,1,3
Gnar,14.14,Chogath,2,0
Gnar,14.14,Darius,2,1
Gnar,14.14,Diana,1,0
Gnar,14.14,DrMundo,2,1
Gnar,14.14,Ekko,0,2
Gnar,14.14,Elise,0,1
Gnar,14.14,Evelynn,0,1
Gnar,14.14,Ezreal,2,3
Gnar,14.14,FiddleSticks,1,1
Gnar,14.14,Fiora,2,0
Gnar,14.14,Galio,1,0
Gnar,14.14,Garen,2,1
Gnar,14.14,Gragas,0,2
Gnar,14.14,Hecarim,0,1
Gnar,14.14,Hwei,1,2
Gnar,14.14,Illaoi,0,1
Gnar,14.14,Irelia,1,1
Gnar,14.14,Jax,0,1
Gnar,14.14,Jhin,0,2
Gnar,14.14,Jinx,4,3
Gnar,14.14,Kaisa,2,3
Gnar,14.14,Karma,1,3
Gnar,14.14,Karthus,1,0
Gnar,14.14,Kayn,1,0
Gnar,14.14,Khazix,0,1
Gnar,14.14,Kled,1,0
Gnar,14.14,Leblanc,0,1
Gnar,14.14,LeeSin,1,0
Gnar,14.14,Leona,1,2
Gnar,14.14,Lillia,0,3
Gnar,14.14,Lissandra,1,0
Gnar,14.14,Lucian,3,2
Gnar,14.14,Lulu,3,1
Gnar,14.14,Lux,3,2
Gnar,14.14,Malphite,0,1
Gnar,14.14,MasterYi,1,3
Gnar,14.14,Milio,2,0
Gnar,14.14,MissFortune,2,2
Gnar,14.14,MonkeyKing,1,1
Gnar,14.14,Mordekaiser,2,0
Gnar,14.14,Morgana,1,1
Gnar,14.14,Naafiri,1,0
Gnar,14.14,Nami,2,2
Gnar,14.14,Nasus,0,1
Gnar,14.14,Nautilus,0,2
Gnar,14.14,Neeko,0,1
Gnar,14.14,Nidalee,0,1
Gnar,14.14,Nocturne,0,1
Gnar,14.14,Olaf,1,0
Gnar,14.14,Orianna,0,1
Gnar,14.14,Pantheon,0,1
Gnar,14.14,Pyke,0,2
Gnar,14.14,Rell,1,0
Gnar,14.14,Renekton,1,1
Gnar,14.14,Rengar,0,2
Gnar,14.14,Riven,0,1
Gnar,14.14,Rumble,0,1
Gnar,14.14,Samira,1,1
Gnar,14.14,Sejuani,0,1
Gnar,14.14,Senna,1,1
Gnar,14.14,Seraphine,1,1
Gnar,14.14,Sett,2,0
Gnar,14.14,Shaco,0,2
Gnar,14.14,Shen,1,0
Gnar,14.14,Shyvana,2,0
Gnar,14.14,Sion,0,1
Gnar,14.14,Sivir,0,1
Gnar,14.14,Skarner,1,0
Gnar,14.14,Smolder,4,0
Gnar,14.14,Sona,1,0
Gnar,14.14,Soraka,0,1
Gnar,14.14,Swain,0,1
Gnar,14.14,Sylas,0,1
Gnar,14.14,Syndra,1,0
Gnar,14.14,TahmKench,0,1
Gnar,14.14,Talon,2,0
Gnar,14.14,Taric,1,1
Gnar,14.14,Teemo,3,1
Gnar,14.14,Thresh,1,2
Gnar,14.14,Tristana,0,1
Gnar,14.14,Udyr,2,1
Gnar,14.14,Urgot,1,0
Gnar,14.14,Veigar,0,4
Gnar,14.14,Viego,2,2
Gnar,14.14,Vladimir,0,1
Gnar,14.14,Warwick,1,0
Gnar,14.14,Xayah,1,0
Gnar,14.14,Xerath,3,0
Gnar,14.14,XinZhao,2,0
Gnar,14.14,Yasuo,1,2
Gnar,14.14,Yuumi,2,0
Gnar,14.14,Zed,1,1
Gnar,14.14,Zeri,4,2
Gnar,14.14,Zilean,1,0
Gnar,14.14,Zyra,2,1
Gnar,14.15,Aatrox,5,7
Gnar,14.15,Akali,1,2
Gnar,14.15,Annie,1,0
Gnar,14.15,Aurora,0,2
Gnar,14.15,Briar,0,2
Gnar,14.15,Camille,5,3
Gnar,14.15,Chogath,1,2
Gnar,14.15,Corki,1,0
Gnar,14.15,Darius,1,4
Gnar,14.15,DrMundo,4,1
Gnar,14.15,Fiora,1,1
Gnar,14.15,Gangplank,2,0
Gnar,14.15,Garen,9,9
Gnar,14.15,Gragas,1,0
Gnar,14.15,Graves,0,1
Gnar,14.15,Gwen,1,5
Gnar,14.15,Illaoi,3,5
Gnar,14.15,Irelia,1,2
Gnar,14.15,JarvanIV,0,1
Gnar,14.15,Jax,5,2
Gnar,14.15,Jayce,3,0
Gnar,14.15,KSante,1,1
Gnar,14.15,Karma,1,0
Gnar,14.15,Kayle,2,1
Gnar,14.15,Kennen,2,2
Gnar,14.15,Kled,2,2
Gnar,14.15,KogMaw,1,0
Gnar,14.15,Lissandra,0,1
Gnar,14.15,Lulu,0,1
Gnar,14.15,Malphite,4,2
Gnar,14.15,MonkeyKing,1,0
Gnar,14.15,Mordekaiser,3,3
Gnar,14.15,Morgana,0,1
Gnar,14.15,Nasus,3,6
Gnar,14.15,Nautilus,0,1
Gnar,14.15,Neeko,1,0
Gnar,14.15,Olaf,2,0
Gnar,14.15,Ornn,3,2
Gnar,14.15,Pantheon,1,1
Gnar,14.15,Poppy,1,1
Gnar,14.15,Rammus,1,0
Gnar,14.15,Renekton,1,5
Gnar,14.15,Riven,2,1
Gnar,14.15,Sett,3,3
Gnar,14.15,Shaco,0,1
Gnar,14.15,Shen,1,0
Gnar,14.15,Singed,1,1
Gnar,14.15,Sion,2,1
Gnar,14.15,Smolder,2,0
Gnar,14.15,TahmKench,2,1
Gnar,14.15,Teemo,1,3
Gnar,14.15,Trundle,1,3
Gnar,14.15,Tryndamere,3,0
Gnar,14.15,Udyr,0,1
Gnar,14.15,Urgot,1,0
Gnar,14.15,Vayne,1,0
Gnar,14.15,Vladimir,1,2
Gnar,14.15,Volibear,4,3
Gnar,14.15,Warwick,1,1
Gnar,14.15,Yasuo,0,3
Gnar,14.15,Yone,2,3
Gnar,14.15,Yorick,5,3
Gnar,14.15,Zed,1,0
Gnar,14.16,Aatrox,5,4
Gnar,14.16,Akali,2,1
Gnar,14.16,Annie,1,0
Gnar,14.16,Ashe,1,0
Gnar,14.16,Aurora,2,3
Gnar,14.16,Briar,0,1
Gnar,14.16,Camille,7,4
Gnar,14.16,Chogath,3,1
Gnar,14.16,Darius,5,8
Gnar,14.16,DrMundo,3,3
Gnar,14.16,Ezreal,1,1
Gnar,14.16,Fiora,1,2
Gnar,14.16,Gangplank,1,2
Gnar,14.16,Garen,9,8
Gnar,14.16,Gragas,1,2
Gnar,14.16,Graves,1,0
Gnar,14.16,Gwen,4,1
Gnar,14.16,Illaoi,4,4
Gnar,14.16,Irelia,4,2
Gnar,14.16,JarvanIV,1,0
Gnar,14.16,Jax,2,3
Gnar,14.16,Jayce,4,4
Gnar,14.16,KSante,4,4
Gnar,14.16,Karthus,0,1
Gnar,14.16,Katarina,1,0
Gnar,14.16,Kayle,2,3
Gnar,14.16,Kayn,1,0
Gnar,14.16,Kennen,1,0
Gnar,14.16,Kled,1,1
Gnar,14.16,LeeSin,0,2
Gnar,14.16,Lillia,0,1
Gnar,14.16,Lissandra,0,1
Gnar,14.16,Lucian,1,0
Gnar,14.16,Malphite,6,9
Gnar,14.16,MonkeyKing,3,4
Gnar,14.16,Mordekaiser,5,8
Gnar,14.16,Nasus,5,14
Gnar,14.16,Nautilus,0,2
Gnar,14.16,Nidalee,1,0
Gnar,14.16,Olaf,0,2
Gnar,14.16,Ornn,4,6
Gnar,14.16,Pantheon,1,5
Gnar,14.16,Poppy,1,0
Gnar,14.16,Quinn,4,1
Gnar,14.16,Renekton,3,3
Gnar,14.16,Rengar,1,0
Gnar,14.16,Riven,5,5
Gnar,14.16,Rumble,1,1
Gnar,14.16,Senna,0,1
Gnar,14.16,Sett,3,3
Gnar,14.16,Shaco,1,0
Gnar,14.16,Shen,3,2
Gnar,14.16,Singed,1,1
Gnar,14.16,Sion,6,1
Gnar,14.16,Skarner,0,1
Gnar,14.16,Soraka,1,0
Gnar,14.16,Sylas,2,1
Gnar,14.16,TahmKench,2,1
Gnar,14.16,Teemo,2,3
Gnar,14.16,Trundle,0,2
Gnar,14.16,Tryndamere,4,1
Gnar,14.16,Urgot,3,3
Gnar,14.16,Varus,0,1
Gnar,14.16,Vayne,3,1
Gnar,14.16,Vi,0,1
Gnar,14.16,Viego,1,0
Gnar,14.16,Vladimir,1,0
Gnar,14.16,Volibear,3,1
Gnar,14.16,Warwick,0,1
Gnar,14.16,Yasuo,1,0
Gnar,14.16,Yone,2,4
Gnar,14.16,Yorick,5,3
Gnar,14.16,Zed,1,0
Gnar,14.17,Aatrox,14,17
Gnar,14.17,Ahri,2,1
Gnar,14.17,Akali,4,0
Gnar,14.17,Akshan,0,1
Gnar,14.17,Alistar,0,1
Gnar,14.17,Anivia,1,0
Gnar,14.17,Ashe,1,1
Gnar,14.17,Aurora,1,6
Gnar,14.17,Brand,0,1
Gnar,14.17,Briar,4,1
Gnar,14.17,Camille,15,14
Gnar,14.17,Cassiopeia,1,1
Gnar,14.17,Chogath,6,5
Gnar,14.17,Corki,0,1
Gnar,14.17,Darius,11,14
Gnar,14.17,DrMundo,7,6
Gnar,14.17,Draven,0,1
Gnar,14.17,Ezreal,1,0
Gnar,14.17,Fiora,11,13
Gnar,14.17,Galio,1,1
Gnar,14.17,Gangplank,1,7
Gnar,14.17,Garen,19,32
Gnar,14.17,Gragas,1,7
Gnar,14.17,Graves,1,0
Gnar,14.17,Gwen,6,3
Gnar,14.17,Heimerdinger,0,2
Gnar,14.17,Hwei,1,0
Gnar,14.17,Illaoi,8,12
Gnar,14.17,Irelia,10,4
Gnar,14.17,Jax,5,11
Gnar,14.17,Jayce,9,5
Gnar,14.17,KSante,7,9
Gnar,14.17,Kassadin,0,1
Gnar,14.17,Katarina,0,1
Gnar,14.17,Kayle,3,11
Gnar,14.17,Kennen,2,6
Gnar,14.17,Kled,1,4
Gnar,14.17,LeeSin,0,3
Gnar,14.17,Lillia,1,0
Gnar,14.17,Lissandra,0,1
Gnar,14.17,Lucian,1,0
Gnar,14.17,Malphite,5,13
Gnar,14.17,Maokai,0,1
Gnar,14.17,MonkeyKing,4,6
Gnar,14.17,Mordekaiser,8,9
Gnar,14.17,Naafiri,1,0
Gnar,14.17,Nasus,16,15
Gnar,14.17,Neeko,1,1
Gnar,14.17,Nocturne,1,0
Gnar,14.17,Olaf,1,4
Gnar,14.17,Ornn,14,6
Gnar,14.17,Pantheon,6,8
Gnar,14.17,Poppy,0,4
Gnar,14.17,Qiyana,0,1
Gnar,14.17,Quinn,3,2
Gnar,14.17,RekSai,0,1
Gnar,14.17,Renekton,10,10
Gnar,14.17,Riven,6,4
Gnar,14.17,Rumble,2,2
Gnar,14.17,Ryze,1,4
Gnar,14.17,Sett,5,12
Gnar,14.17,Shaco,1,0
Gnar,14.17,Shen,3,4
Gnar,14.17,Singed,4,2
Gnar,14.17,Sion,1,5
Gnar,14.17,Skarner,0,1
Gnar,14.17,Smolder,5,6
Gnar,14.17,Sylas,1,2
Gnar,14.17,Syndra,0,1
Gnar,14.17,TahmKench,10,7
Gnar,14.17,Teemo,5,6
Gnar,14.17,Trundle,3,5
Gnar,14.17,Tryndamere,4,7
Gnar,14.17,Udyr,1,4
Gnar,14.17,Urgot,10,8
Gnar,14.17,Varus,0,1
Gnar,14.17,Vayne,2,0
Gnar,14.17,Veigar,1,1
Gnar,14.17,Vladimir,9,5
Gnar,14.17,Volibear,3,8
Gnar,14.17,Warwick,3,1
Gnar,14.17,Yasuo,2,4
Gnar,14.17,Yone,3,6
Gnar,14.17,Yorick,11,14
Gnar,14.17,Zac,0,1
Gnar,14.17,Zed,0,2
Gnar,14.17,Zoe,1,0
Gnar,14.17,Zyra,0,1
Gnar,14.18,Aatrox,38,46
Gnar,14.18,Ahri,1,0
Gnar,14.18,Akali,2,4
Gnar,14.18,Akshan,0,3
Gnar,14.18,Alistar,0,1
Gnar,14.18,Amumu,0,1
Gnar,14.18,Annie,1,0
Gnar,14.18,Aurora,1,2
Gnar,14.18,Azir,2,0
Gnar,14.18,Brand,0,2
Gnar,14.18,Briar,3,3
Gnar,14.18,Caitlyn,1,1
Gnar,14.18,Camille,31,34
Gnar,14.18,Cassiopeia,1,3
Gnar,14.18,Chogath,13,18
Gnar,14.18,Darius,31,33
Gnar,14.18,DrMundo,12,14
Gnar,14.18,Ekko,1,0
Gnar,14.18,Elise,0,1
Gnar,14.18,Ezreal,1,0
Gnar,14.18,FiddleSticks,3,1
Gnar,14.18,Fiora,17,30
Gnar,14.18,Galio,1,2
Gnar,14.18,Gangplank,17,7
Gnar,14.18,Garen,62,81
Gnar,14.18,Gragas,14,7
Gnar,14.18,Graves,1,1
Gnar,14.18,Gwen,16,18
Gnar,14.18,Heimerdinger,3,4
Gnar,14.18,Illaoi,27,20
Gnar,14.18,Irelia,13,18
Gnar,14.18,Janna,1,0
Gnar,14.18,JarvanIV,2,0
Gnar,14.18,Jax,19,16
Gnar,14.18,Jayce,3,15
Gnar,14.18,KSante,11,8
Gnar,14.18,Kaisa,0,3
Gnar,14.18,Karma,1,2
Gnar,14.18,Karthus,0,1
Gnar,14.18,Kayle,3,9
Gnar,14.18,Kayn,2,1
Gnar,14.18,Kennen,8,6
Gnar,14.18,Kled,11,10
Gnar,14.18,LeeSin,1,0
Gnar,14.18,Lillia,1,0
Gnar,14.18,Lissandra,1,2
Gnar,14.18,Lulu,0,2
Gnar,14.18,Lux,0,1
Gnar,14.18,Malphite,31,28
Gnar,14.18,Malzahar,1,1
Gnar,14.18,Maokai,0,3
Gnar,14.18,MonkeyKing,7,14
Gnar,14.18,Mordekaiser,26,29
Gnar,14.18,Naafiri,1,1
Gnar,14.18,Nasus,27,33
Gnar,14.18,Nautilus,1,1
Gnar,14.18,Nidalee,2,2
Gnar,14.18,Nocturne,0,1
Gnar,14.18,Olaf,1,14
Gnar,14.18,Ornn,21,18
Gnar,14.18,Pantheon,8,11
Gnar,14.18,Poppy,4,5
Gnar,14.18,Qiyana,0,1
Gnar,14.18,Quinn,5,23
Gnar,14.18,Rammus,1,1
Gnar,14.18,Rell,0,2
Gnar,14.18,Renekton,24,32
Gnar,14.18,Rengar,2,0
Gnar,14.18,Riven,19,17
Gnar,14.18,Rumble,3,2
Gnar,14.18,Ryze,3,5
Gnar,14.18,Sejuani,0,3
Gnar,14.18,Senna,1,0
Gnar,14.18,Seraphine,1,0
Gnar,14.18,Sett,28,29
Gnar,14.18,Shaco,0,1
Gnar,14.18,Shen,9,21
Gnar,14.18,Shyvana,2,0
Gnar,14.18,Singed,7,6
Gnar,14.18,Sion,15,12
Gnar,14.18,Sivir,0,1
Gnar,14.18,Skarner,1,1
Gnar,14.18,Smolder,5,9
Gnar,14.18,Swain,1,1
Gnar,14.18,Sylas,10,6
Gnar,14.18,Syndra,0,1
Gnar,14.18,TahmKench,14,17
Gnar,14.18,Teemo,20,23
Gnar,14.18,Trundle,7,11
Gnar,14.18,Tryndamere,19,15
Gnar,14.18,TwistedFate,0,2
Gnar,14.18,Udyr,4,4
Gnar,14.18,Urgot,9,25
Gnar,14.18,Varus,2,1
Gnar,14.18,Vayne,2,4
Gnar,14.18,Velkoz,0,1
Gnar,14.18,Viego,1,1
Gnar,14.18,Viktor,0,2
Gnar,14.18,Vladimir,24,37
Gnar,14.18,Volibear,16,15
Gnar,14.18,Warwick,11,2
Gnar,14.18,XinZhao,2,3
Gnar,14.18,Yasuo,10,7
Gnar,14.18,Yone,18,30
Gnar,14.18,Yorick,16,17
Gnar,14.18,Yuumi,0,1
Gnar,14.18,Zac,2,0
Gnar,14.18,Zed,1,0
Gnar,14.19,Aatrox,66,100
Gnar,14.19,Akali,17,11
Gnar,14.19,Akshan,2,3
Gnar,14.19,Alistar,1,1
Gnar,14.19,Anivia,1,0
Gnar,14.19,AurelionSol,3,1
Gnar,14.19,Aurora,22,20
Gnar,14.19,Azir,3,2
Gnar,14.19,Bard,1,0
Gnar,14.19,Blitzcrank,0,1
Gnar,14.19,Brand,0,1
Gnar,14.19,Briar,2,5
Gnar,14.19,Caitlyn,1,4
Gnar,14.19,Camille,85,103
Gnar,14.19,Cassiopeia,3,9
Gnar,14.19,Chogath,30,29
Gnar,14.19,Corki,0,1
Gnar,14.19,Darius,55,87
Gnar,14.19,Diana,1,2
Gnar,14.19,DrMundo,79,66
Gnar,14.19,Draven,1,1
Gnar,14.19,Ekko,2,1
Gnar,14.19,Evelynn,2,0
Gnar,14.19,FiddleSticks,4,8
Gnar,14.19,Fiora,38,44
Gnar,14.19,Fizz,1,2
Gnar,14.19,Galio,1,1
Gnar,14.19,Gangplank,23,33
Gnar,14.19,Garen,72,115
Gnar,14.19,Gragas,25,25
Gnar,14.19,Graves,3,3
Gnar,14.19,Gwen,30,65
Gnar,14.19,Heimerdinger,11,13
Gnar,14.19,Hwei,1,0
Gnar,14.19,Illaoi,41,60
Gnar,14.19,Irelia,38,57
Gnar,14.19,Ivern,2,1
Gnar,14.19,JarvanIV,0,3
Gnar,14.19,Jax,50,74
Gnar,14.19,Jayce,30,37
Gnar,14.19,Jhin,1,1
Gnar,14.19,KSante,36,50
Gnar,14.19,Kaisa,2,2
Gnar,14.19,Kalista,2,0
Gnar,14.19,Karma,1,3
Gnar,14.19,Karthus,0,3
Gnar,14.19,Katarina,1,4
Gnar,14.19,Kayle,20,30
Gnar,14.19,Kayn,1,2
Gnar,14.19,Kennen,16,18
Gnar,14.19,Kindred,0,1
Gnar,14.19,Kled,18,27
Gnar,14.19,KogMaw,0,1
Gnar,14.19,Leblanc,1,4
Gnar,14.19,LeeSin,1,3
Gnar,14.19,Lillia,1,2
Gnar,14.19,Lissandra,0,1
Gnar,14.19,Lucian,3,1
Gnar,14.19,Lulu,1,1
Gnar,14.19,Lux,1,0
Gnar,14.19,Malphite,76,86
Gnar,14.19,Malzahar,0,1
Gnar,14.19,Maokai,4,1
Gnar,14.19,MasterYi,2,0
Gnar,14.19,MonkeyKing,13,22
Gnar,14.19,Mordekaiser,78,92
Gnar,14.19,Morgana,0,1
Gnar,14.19,Naafiri,0,2
Gnar,14.19,Nasus,71,82
Gnar,14.19,Nautilus,3,1
Gnar,14.19,Neeko,1,2
Gnar,14.19,Nidalee,3,0
Gnar,14.19,Nocturne,2,2
Gnar,14.19,Nunu,1,2
Gnar,14.19,Olaf,20,20
Gnar,14.19,Orianna,1,0
Gnar,14.19,Ornn,52,55
Gnar,14.19,Pantheon,16,30
Gnar,14.19,Poppy,11,18
Gnar,14.19,Qiyana,1,0
Gnar,14.19,Quinn,11,16
Gnar,14.19,Rammus,3,3
Gnar,14.19,RekSai,1,1
Gnar,14.19,Renata,1,0
Gnar,14.19,Renekton,51,70
Gnar,14.19,Rengar,3,5
Gnar,14.19,Riven,42,44
Gnar,14.19,Rumble,4,8
Gnar,14.19,Ryze,9,18
Gnar,14.19,Samira,0,2
Gnar,14.19,Sejuani,3,7
Gnar,14.19,Senna,0,2
Gnar,14.19,Sett,35,58
Gnar,14.19,Shaco,2,1
Gnar,14.19,Shen,60,74
Gnar,14.19,Shyvana,1,5
Gnar,14.19,Singed,21,23
Gnar,14.19,Sion,37,54
Gnar,14.19,Skarner,2,6
Gnar,14.19,Smolder,4,21
Gnar,14.19,Soraka,2,1
Gnar,14.19,Swain,2,0
Gnar,14.19,Sylas,20,21
Gnar,14.19,Syndra,1,0
Gnar,14.19,TahmKench,38,36
Gnar,14.19,Talon,2,2
Gnar,14.19,Taric,0,1
Gnar,14.19,Teemo,40,32
Gnar,14.19,Tristana,2,1
Gnar,14.19,Trundle,25,25
Gnar,14.19,Tryndamere,26,31
Gnar,14.19,TwistedFate,1,3
Gnar,14.19,Udyr,12,11
Gnar,14.19,Urgot,32,36
Gnar,14.19,Varus,1,4
Gnar,14.19,Vayne,11,9
Gnar,14.19,Veigar,2,0
Gnar,14.19,Velkoz,1,1
Gnar,14.19,Vi,1,0
Gnar,14.19,Viego,4,4
Gnar,14.19,Vladimir,21,32
Gnar,14.19,Volibear,43,61
Gnar,14.19,Warwick,22,25
Gnar,14.19,Xerath,0,1
Gnar,14.19,XinZhao,2,5
Gnar,14.19,Yasuo,15,25
Gnar,14.19,Yone,64,83
Gnar,14.19,Yorick,37,45
Gnar,14.19,Yuumi,0,1
Gnar,14.19,Zac,11,13
Gnar,14.19,Zed,0,3
Gnar,14.19,Zeri,0,1
Gnar,14.19,Ziggs,0,1
Gnar,14.19,Zilean,0,2
Gnar,14.19,Zoe,0,1
